ply
format ascii 1.0
element vertex 2780
property float x
property float y
property float z
element edge 2779
property int vertex1
property int vertex2
end_header
12.891840 31.312586 10.880538
12.891640 31.300393 10.872326
12.884874 31.198218 10.821853
12.880602 31.159501 10.805341
12.860260 31.071331 10.766907
12.849378 31.054466 10.752591
12.832330 31.040577 10.735994
12.738802 30.977501 10.659839
12.669841 30.918839 10.605485
12.629166 30.882562 10.579870
12.599490 30.831810 10.565213
12.578772 30.822896 10.545700
12.559272 30.821897 10.530791
12.502892 30.817096 10.470286
12.471717 30.810230 10.447958
12.409284 30.800876 10.397196
12.356525 30.789704 10.363494
12.330077 30.782415 10.344071
12.294015 30.774248 10.329716
12.248242 30.762382 10.307679
12.223695 30.752040 10.294333
12.205124 30.745690 10.284363
12.189228 30.734565 10.268453
12.177851 30.727567 10.256823
12.159360 30.716600 10.239800
12.150486 30.708124 10.230482
12.124353 30.688436 10.201519
12.116420 30.680463 10.190788
12.084878 30.651242 10.154419
12.068404 30.634495 10.137793
12.050827 30.615034 10.118045
12.033576 30.590029 10.099757
12.020607 30.547266 10.083003
12.012939 30.537669 10.075285
11.973927 30.510675 10.039163
11.957431 30.506330 10.025629
11.944755 30.504273 10.012434
11.934059 30.502752 10.002790
11.920406 30.500080 9.991772
11.902457 30.495879 9.973069
11.881131 30.489976 9.951945
11.869153 30.486154 9.941120
11.852306 30.480021 9.927083
11.826924 30.471223 9.907931
11.798895 30.461879 9.889026
11.726867 30.437235 9.831411
11.664803 30.414310 9.788839
11.643774 30.406741 9.776830
11.622918 30.398882 9.765905
11.603939 30.391347 9.754900
11.573790 30.379923 9.739054
11.558416 30.373658 9.731718
11.532528 30.364279 9.716973
11.511475 30.355486 9.708213
11.477861 30.342942 9.693600
11.459573 30.335849 9.685923
11.436814 30.326588 9.677458
11.406759 30.313300 9.665512
11.387663 30.305523 9.655447
11.364339 30.295630 9.646870
11.348347 30.290887 9.642449
11.318347 30.276066 9.631661
11.300675 30.270656 9.627327
11.264669 30.254495 9.614557
11.234942 30.239349 9.605763
11.202092 30.225945 9.594943
11.178273 30.212647 9.587650
11.143870 30.181355 9.585601
11.131540 30.176870 9.571625
11.117854 30.175467 9.558535
11.110062 30.176216 9.544763
11.093183 30.175134 9.512589
11.079074 30.172155 9.483551
11.065299 30.170831 9.468123
11.045418 30.170532 9.445535
11.030363 30.171137 9.435743
11.012831 30.172344 9.426549
10.981316 30.174837 9.408376
10.956436 30.176587 9.399182
10.914458 30.179774 9.373870
10.871967 30.182357 9.348676
10.847340 30.184980 9.336319
10.824883 30.188691 9.328511
10.802499 30.190948 9.316870
10.788891 30.189683 9.302534
10.773965 30.187811 9.286739
10.761128 30.184680 9.271729
10.752531 30.182635 9.260056
10.735344 30.178971 9.239562
10.721164 30.176411 9.226030
10.706243 30.173764 9.213119
10.687652 30.170568 9.194210
10.674364 30.168114 9.181601
10.660064 30.165404 9.162368
10.635280 30.161955 9.148104
10.623680 30.160107 9.138858
10.603951 30.157004 9.122779
10.582905 30.153336 9.104307
10.571160 30.151789 9.095178
10.559054 30.149944 9.086297
10.544588 30.148129 9.079331
10.517853 30.145845 9.064924
10.505014 30.144928 9.058541
10.478960 30.141743 9.049866
10.466807 30.136026 9.034302
10.458412 30.132230 9.022263
10.453193 30.127571 9.008809
10.433553 30.111787 8.973797
10.417250 30.099847 8.946472
10.408176 30.093605 8.932381
10.397280 30.086803 8.919707
10.381584 30.076230 8.897867
10.368160 30.068884 8.879584
10.358823 30.062105 8.866139
10.345336 30.053327 8.848343
10.333422 30.045485 8.834620
10.322109 30.038754 8.821263
10.304126 30.028050 8.799015
10.286330 30.018171 8.781508
10.271847 30.009062 8.763638
10.250729 29.999880 8.743393
10.223468 29.991436 8.715666
10.217596 29.986763 8.695545
10.212786 29.983026 8.679908
10.211595 29.981077 8.664271
10.209804 29.978354 8.638934
10.207949 29.977386 8.621941
10.205856 29.976101 8.602980
10.200444 29.974917 8.578323
10.196640 29.974735 8.563254
10.187165 29.975121 8.541070
10.178357 29.975610 8.519903
10.162801 29.976641 8.493829
10.151067 29.977271 8.473246
10.141348 29.977330 8.462931
10.127211 29.977553 8.445591
10.108186 29.977922 8.424239
10.093334 29.978381 8.407600
10.079680 29.980440 8.386413
10.069975 29.983544 8.370379
10.064959 29.986755 8.357128
10.057459 29.991715 8.335924
10.048709 29.996185 8.317090
10.042248 30.000263 8.301214
10.033860 30.005042 8.286461
10.021924 30.012965 8.265594
10.014318 30.017346 8.245503
10.004020 30.025030 8.221732
9.989003 30.035447 8.191710
9.979315 30.042683 8.172751
9.972418 30.047165 8.160756
9.959734 30.055733 8.132626
9.949578 30.063296 8.111499
9.937959 30.071960 8.086044
9.929388 30.078772 8.066380
9.919556 30.086187 8.049764
9.906595 30.096369 8.023658
9.895430 30.102916 8.008857
9.889693 30.108111 7.993534
9.880253 30.116306 7.972809
9.873597 30.121254 7.958096
9.859579 30.132580 7.931654
9.852961 30.138121 7.918532
9.846063 30.143797 7.904743
9.839236 30.148892 7.889156
9.830377 30.156099 7.874366
9.823072 30.163392 7.854534
9.810695 30.171588 7.837694
9.805065 30.175808 7.825400
9.796750 30.183255 7.806096
9.792467 30.187444 7.792511
9.786423 30.192365 7.778465
9.771500 30.203994 7.745874
9.764312 30.209705 7.731476
9.756855 30.215668 7.714165
9.747730 30.223122 7.692445
9.740092 30.228473 7.679856
9.734470 30.233812 7.664189
9.726208 30.239405 7.649846
9.718896 30.245310 7.632535
9.710145 30.253321 7.614520
9.700500 30.259543 7.595418
9.687674 30.270608 7.565211
9.676058 30.279774 7.544427
9.662056 30.291739 7.515307
9.654717 30.300297 7.497264
9.645250 30.308926 7.476221
9.637194 30.316964 7.457341
9.629409 30.328383 7.434695
9.624302 30.336608 7.417898
9.612525 30.349859 7.378270
9.604364 30.361000 7.353890
9.599921 30.368469 7.339385
9.595436 30.375739 7.326804
9.590400 30.386022 7.312241
9.583448 30.398764 7.290691
9.579816 30.405017 7.278084
9.575272 30.409704 7.261881
9.570777 30.416880 7.249876
9.562894 30.431948 7.225562
9.554344 30.446278 7.202791
9.546029 30.462852 7.182110
9.535553 30.484036 7.153903
9.517310 30.514045 7.122068
9.501882 30.529959 7.106994
9.487947 30.549345 7.087594
9.480554 30.560243 7.070854
9.474973 30.569664 7.039867
9.474123 30.572564 7.026140
9.474436 30.574186 7.012110
9.474666 30.576652 6.996396
9.474673 30.582579 6.962653
9.474635 30.586977 6.944524
9.474579 30.591398 6.927224
9.474377 30.595859 6.906365
9.474191 30.601273 6.883483
9.474132 30.606628 6.864272
9.474084 30.610357 6.850287
9.474122 30.616579 6.821230
9.474142 30.621696 6.799338
9.474366 30.624913 6.783659
9.474423 30.627160 6.769191
9.474828 30.631081 6.755374
9.475228 30.634675 6.736628
9.475208 30.638927 6.721674
9.475674 30.643567 6.704307
9.476130 30.647771 6.687406
9.476580 30.651215 6.673015
9.477140 30.654873 6.657448
9.478002 30.658849 6.636939
9.479318 30.665720 6.609502
9.480275 30.671495 6.595751
9.481664 30.678301 6.569495
9.482476 30.682147 6.551769
9.483388 30.685538 6.533841
9.484925 30.689690 6.506286
9.486351 30.694088 6.482780
9.487335 30.697711 6.466854
9.488359 30.701168 6.450845
9.489291 30.705948 6.434630
9.490974 30.713214 6.403542
9.491828 30.717211 6.385465
9.493027 30.721653 6.363288
9.493828 30.726336 6.344426
9.494411 30.727558 6.329268
9.495549 30.733593 6.302142
9.496373 30.738797 6.282003
9.497244 30.745634 6.263433
9.497944 30.749683 6.245648
9.498411 30.753817 6.230180
9.499160 30.759347 6.213586
9.499770 30.763741 6.194342
9.500472 30.767210 6.175321
9.501131 30.771231 6.154557
9.501819 30.774990 6.136536
9.502361 30.778804 6.117076
9.502977 30.782953 6.098700
9.503438 30.785325 6.083081
9.503923 30.787590 6.068193
9.505046 30.794803 6.028043
9.505534 30.798352 6.011405
9.506029 30.801447 5.995616
9.507268 30.808427 5.960219
9.507963 30.811848 5.937884
9.508796 30.815482 5.912157
9.509468 30.818988 5.892786
9.509961 30.821235 5.878146
9.510420 30.823517 5.863979
9.510908 30.827015 5.850201
9.511494 30.831708 5.833131
9.512017 30.835481 5.816017
9.512544 30.843389 5.799682
9.512709 30.850144 5.784823
9.512644 30.858337 5.769724
9.514775 30.861551 5.754654
9.515993 30.861562 5.738726
9.518225 30.861725 5.724749
9.531486 30.860936 5.685353
9.544399 30.855455 5.647346
9.550027 30.851325 5.633270
9.557773 30.845292 5.615770
9.568193 30.836405 5.595904
9.579407 30.826373 5.572825
9.590177 30.816546 5.550447
9.602096 30.805162 5.530865
9.618002 30.785755 5.503374
9.624036 30.778438 5.492582
9.637910 30.762667 5.468257
9.651285 30.744697 5.437641
9.663318 30.732568 5.414141
9.668275 30.728300 5.400104
9.671087 30.725728 5.373976
9.671487 30.725644 5.355662
9.672508 30.720939 5.325021
9.672090 30.719826 5.304431
9.672265 30.720471 5.281025
9.672244 30.720178 5.260265
9.671913 30.717818 5.232705
9.670404 30.715216 5.212996
9.663212 30.709495 5.182633
9.660263 30.705765 5.163554
9.662286 30.708150 5.135606
9.661591 30.706109 5.108140
9.660882 30.704877 5.093848
9.657203 30.702737 5.069724
9.652933 30.700016 5.037633
9.647878 30.697646 5.014573
9.644348 30.696220 4.998537
9.641230 30.694178 4.978551
9.637409 30.692408 4.956464
9.631109 30.689233 4.919105
9.626495 30.686862 4.891434
9.624874 30.685776 4.877275
9.622436 30.683307 4.845179
9.619971 30.680795 4.811573
9.618354 30.678878 4.787441
9.618998 30.677718 4.768334
9.619063 30.676053 4.746575
9.619957 30.674793 4.727319
9.620711 30.672725 4.696537
9.622310 30.671376 4.672137
9.624912 30.669548 4.638569
9.627767 30.668019 4.606336
9.629883 30.667070 4.584114
9.632256 30.666224 4.560245
9.634615 30.665488 4.537183
9.636512 30.664830 4.517735
9.638110 30.664331 4.498654
9.640751 30.663570 4.471943
9.642790 30.662921 4.441578
9.644490 30.662294 4.410871
9.645828 30.661795 4.389021
9.643936 30.662067 4.360731
9.646215 30.661170 4.331560
9.646180 30.661089 4.310758
9.645865 30.660840 4.285446
9.644267 30.661271 4.256920
9.642952 30.661634 4.234142
9.641716 30.662239 4.219816
9.639853 30.663533 4.196860
9.637798 30.664061 4.166190
9.636598 30.665206 4.150925
9.634797 30.666768 4.127712
9.633300 30.667778 4.109931
9.632089 30.668951 4.094384
9.630707 30.671365 4.071156
9.628709 30.674147 4.042332
9.626580 30.677652 4.010224
9.625409 30.679325 3.992232
9.623475 30.682612 3.960587
9.622108 30.685406 3.936929
9.618809 30.689984 3.899731
9.617355 30.693585 3.875102
9.614738 30.696460 3.852005
9.610664 30.699807 3.822369
9.607652 30.702291 3.800879
9.605205 30.704514 3.780874
9.603170 30.706050 3.766441
9.595500 30.709254 3.732916
9.592395 30.710760 3.717210
9.586619 30.713268 3.692852
9.580262 30.715964 3.663369
9.575187 30.717903 3.642157
9.571580 30.719102 3.626078
9.566952 30.720799 3.605215
9.563025 30.722256 3.587854
9.556952 30.724880 3.557248
9.550881 30.727110 3.530828
9.546169 30.729375 3.506833
9.541945 30.731761 3.483555
9.537436 30.733794 3.461561
9.529962 30.738974 3.418310
9.522812 30.744351 3.378736
9.517870 30.748416 3.351507
9.510396 30.754373 3.312321
9.507362 30.757050 3.297295
9.503392 30.760430 3.274951
9.498121 30.765648 3.246663
9.492294 30.770291 3.222869
9.487760 30.774077 3.202766
9.482629 30.778597 3.180760
9.477632 30.783572 3.157288
9.474605 30.786211 3.141332
9.466461 30.793885 3.110975
9.458155 30.802212 3.073532
9.451404 30.808889 3.045260
9.447496 30.812352 3.030408
9.442611 30.816340 3.014501
9.434700 30.822902 2.992403
9.427650 30.827722 2.975611
9.419523 30.834785 2.953003
9.410970 30.841301 2.931989
9.404711 30.845534 2.917164
9.397762 30.850694 2.901521
9.390948 30.854231 2.887225
9.382137 30.859736 2.864599
9.372946 30.864246 2.838978
9.368248 30.868063 2.825474
9.361832 30.873361 2.804116
9.356191 30.877845 2.785357
9.351769 30.883169 2.766693
9.347627 30.886414 2.751084
9.344290 30.888861 2.735972
9.341328 30.891741 2.719667
9.338977 30.893848 2.703501
9.336323 30.897185 2.670628
9.333869 30.899372 2.645458
9.332456 30.901560 2.628931
9.331666 30.902851 2.611919
9.330457 30.904373 2.596846
9.329501 30.905839 2.580582
9.328445 30.907592 2.564317
9.327437 30.909328 2.546369
9.326049 30.912226 2.524385
9.324926 30.913925 2.505946
9.323872 30.916799 2.486114
9.321953 30.921115 2.449547
9.320729 30.925655 2.417827
9.319906 30.928081 2.397956
9.319160 30.930091 2.378565
9.318986 30.931924 2.363946
9.318627 30.936599 2.326917
9.319017 30.940989 2.291770
9.319156 30.944168 2.265199
9.319334 30.946428 2.246724
9.319752 30.948671 2.228156
9.320537 30.950868 2.208933
9.321674 30.953584 2.185662
9.323244 30.956034 2.164638
9.324689 30.959640 2.132929
9.325992 30.961911 2.115949
9.328178 30.966228 2.082002
9.330518 30.970662 2.049496
9.332941 30.975591 2.017603
9.334952 30.980339 1.993448
9.336468 30.983732 1.974965
9.338741 30.989777 1.945958
9.341117 30.996417 1.923393
9.343048 31.003334 1.899531
9.344743 31.008591 1.882946
9.346713 31.014319 1.864665
9.348739 31.019868 1.847553
9.351474 31.026129 1.825728
9.353970 31.031895 1.806061
9.357011 31.038116 1.782195
9.359731 31.041783 1.763178
9.362312 31.044530 1.747642
9.364270 31.047637 1.732675
9.368406 31.053747 1.705387
9.373663 31.059802 1.672203
9.379621 31.064400 1.637433
9.381770 31.066799 1.623687
9.386559 31.070382 1.599362
9.396253 31.075307 1.558844
9.400083 31.078700 1.533941
9.405868 31.080948 1.513464
9.409355 31.082454 1.499945
9.416576 31.085568 1.469358
9.423123 31.088730 1.440396
9.428273 31.091321 1.417339
9.433201 31.092944 1.394366
9.438562 31.095524 1.370662
9.443164 31.097256 1.348335
9.449023 31.098445 1.321378
9.456101 31.100757 1.290710
9.463172 31.102858 1.260787
9.466660 31.103414 1.238810
9.469416 31.103810 1.224000
9.472430 31.104308 1.209602
9.476544 31.105023 1.190103
9.481117 31.105592 1.169763
9.484610 31.105833 1.150121
9.488658 31.105750 1.132132
9.492483 31.106719 1.110867
9.496278 31.107475 1.091852
9.499677 31.107982 1.075098
9.504964 31.109602 1.046687
9.511236 31.111328 1.014389
9.516076 31.112383 0.994459
9.529146 31.113131 0.952604
9.535002 31.114025 0.932491
9.542005 31.114741 0.909363
9.551668 31.115933 0.879846
9.555745 31.116799 0.862390
9.561685 31.118146 0.841402
9.568111 31.119448 0.819239
9.572792 31.120731 0.802784
9.577708 31.122255 0.782294
9.581315 31.123763 0.767621
9.587626 31.126947 0.733626
9.592806 31.128817 0.708046
9.596507 31.129940 0.690934
9.600158 31.131078 0.673714
9.603724 31.132130 0.658789
9.606942 31.133231 0.644971
9.613889 31.137600 0.603504
9.617812 31.139234 0.585667
9.622367 31.140687 0.571533
9.628427 31.142999 0.546124
9.634154 31.145963 0.513886
9.641674 31.149437 0.476868
9.645859 31.151717 0.447895
9.650564 31.153428 0.430598
9.657451 31.156369 0.404674
9.661957 31.158393 0.390328
9.666051 31.159857 0.376788
9.669421 31.161494 0.362794
9.672785 31.162593 0.348775
9.676402 31.164359 0.330169
9.679131 31.166030 0.315643
9.681626 31.167277 0.301275
9.685628 31.169082 0.282928
9.656883 31.180461 0.020744
12.655081 30.694761 10.700668
12.651442 30.706009 10.690806
12.642577 30.733432 10.664941
12.633622 30.755394 10.642933
12.626798 30.767568 10.627648
12.617825 30.797671 10.595415
12.609809 30.815255 10.582018
12.589566 30.817475 10.562527
13.028335 31.086987 10.863554
12.891709 31.069545 10.781342
12.889154 31.252565 10.844518
12.989855 31.077783 10.818733
12.683702 30.610724 10.749147
12.667034 30.653512 10.727556
12.721290 30.757082 10.703323
12.873234 31.115150 10.777795
12.795569 31.016513 10.705333
12.753873 30.986442 10.663823
12.703402 30.952300 10.635077
12.337499 31.004172 10.490437
12.268502 30.864506 10.387754
12.234897 30.758550 10.304508
12.299876 30.921836 10.441432
12.317763 30.963980 10.463067
12.769635 30.046079 10.720994
12.694582 30.094127 10.683439
12.637945 30.136625 10.648063
12.553100 30.201984 10.587360
12.514080 30.233971 10.540225
12.432178 30.298175 10.453976
12.397272 30.321407 10.411380
12.373591 30.337228 10.381629
12.338018 30.354245 10.346158
12.292456 30.380136 10.297228
12.271707 30.390967 10.276499
12.252351 30.399254 10.261932
12.175407 30.422664 10.206516
12.125844 30.441726 10.164054
12.072790 30.465662 10.122729
12.044370 30.478847 10.099957
12.022308 30.498907 10.079483
11.995503 30.508574 10.059618
12.600800 30.168911 10.628271
12.482660 30.258428 10.512298
12.474507 30.263068 10.501037
12.333959 31.349155 10.157942
12.288161 31.346575 10.155134
12.180173 31.301577 10.157446
12.089512 31.260476 10.148880
12.069735 31.243721 10.144132
12.044375 31.220797 10.137230
11.940843 31.147015 10.107352
11.843145 31.064691 10.076165
11.787329 31.054083 10.051470
11.767065 31.047817 10.038548
11.721664 31.037454 10.016654
11.645017 31.025590 9.984352
11.615095 31.016235 9.968120
11.598454 31.010542 9.953337
11.584410 30.992233 9.935244
11.574345 30.977359 9.923908
11.560584 30.962822 9.909816
11.546071 30.941254 9.895277
11.522008 30.907006 9.870775
11.490142 30.861345 9.844078
11.452236 30.817842 9.816406
11.428382 30.781245 9.803338
11.407880 30.749909 9.793854
11.389223 30.729514 9.784308
11.361052 30.714977 9.770298
11.341020 30.705606 9.762311
11.324241 30.694207 9.753235
11.287467 30.671228 9.735995
11.252689 30.650107 9.723406
11.231427 30.637387 9.713588
11.204076 30.614393 9.700784
11.185627 30.605381 9.692974
11.173139 30.592384 9.684015
11.160336 30.582612 9.676114
11.140645 30.571681 9.669084
11.123987 30.560614 9.660280
11.105376 30.545350 9.649191
11.084624 30.526988 9.634926
11.072928 30.510510 9.623972
11.059810 30.499784 9.614305
11.041842 30.487519 9.602513
11.017210 30.467969 9.590447
11.002055 30.458041 9.581774
10.980532 30.441228 9.564820
10.971442 30.432620 9.555502
10.960697 30.423111 9.546722
10.936122 30.407382 9.526291
10.911305 30.383936 9.502890
10.893332 30.366769 9.482172
10.878154 30.354894 9.468666
10.857918 30.329592 9.438029
10.838579 30.301660 9.405361
10.829521 30.288206 9.393221
10.811280 30.248956 9.359541
10.799018 30.208937 9.327902
10.791331 30.199725 9.313692
12.402980 31.342448 10.164178
10.103597 31.591072 10.528256
10.111836 31.564979 10.504288
10.122304 31.544859 10.476533
10.131684 31.523452 10.456698
10.145696 31.499101 10.431484
10.156706 31.474720 10.410626
10.184977 31.418227 10.337176
10.209818 31.364104 10.288773
10.221985 31.340860 10.267501
10.232440 31.319998 10.250950
10.241560 31.299709 10.236399
10.257560 31.273283 10.213833
10.273957 31.241399 10.188406
10.283025 31.226678 10.177138
10.302671 31.189147 10.150803
10.321634 31.156254 10.123775
10.333016 31.136991 10.105179
10.359943 31.110894 10.073654
10.391612 31.064137 10.023841
10.438379 31.042765 9.980916
10.469878 31.018837 9.948435
10.465393 31.004616 9.933597
10.460216 30.987782 9.919322
10.456215 30.976494 9.910185
10.451659 30.960973 9.893060
10.444514 30.934453 9.860086
10.442020 30.922863 9.842011
10.440637 30.915501 9.827882
10.440146 30.896555 9.801378
10.439846 30.883795 9.779482
10.438522 30.874516 9.760635
10.438649 30.854958 9.732890
10.440347 30.841519 9.714185
10.443148 30.820943 9.688036
10.447088 30.798019 9.650310
10.448460 30.789245 9.638806
10.452183 30.767385 9.606459
10.454785 30.751665 9.585661
10.457210 30.741131 9.567214
10.459712 30.729264 9.548572
10.461806 30.720768 9.533486
10.464194 30.710915 9.518368
10.467187 30.697010 9.499881
10.470059 30.676684 9.481698
10.473606 30.657797 9.459725
10.475365 30.648319 9.446304
10.480125 30.625428 9.419455
10.483535 30.608086 9.400459
10.485888 30.594750 9.386301
10.488696 30.578026 9.368999
10.491195 30.561622 9.349301
10.493231 30.540163 9.333461
10.495011 30.526710 9.324828
10.496253 30.507202 9.306501
10.496964 30.489291 9.289550
10.496630 30.474089 9.276191
10.495250 30.449507 9.256605
10.494750 30.435116 9.247054
10.493410 30.418180 9.234035
10.491222 30.394823 9.217343
10.488906 30.382220 9.203280
10.486474 30.366068 9.188999
10.485024 30.351924 9.180801
10.483200 30.337297 9.169458
10.480409 30.317488 9.155201
10.478123 30.299692 9.142634
10.475660 30.275075 9.127413
10.475202 30.256485 9.117877
10.473095 30.239586 9.099738
10.471701 30.217257 9.086292
10.471881 30.181460 9.071194
10.470268 30.156092 9.056366
12.224860 31.328087 10.152642
11.729852 31.375284 10.095888
11.691132 31.268249 10.052608
11.668329 31.220503 10.034041
11.643824 31.136406 10.011515
11.634576 31.107615 10.001978
11.625035 31.073415 9.988321
11.619332 31.056821 9.979025
11.609601 31.037168 9.966798
11.713184 31.327173 10.074606
11.705621 31.312218 10.071301
12.132486 31.334474 10.239175
11.492009 31.277705 10.216529
11.624302 31.162585 10.039472
11.977023 31.189902 10.122349
10.892841 31.586792 10.159149
10.877167 31.540420 10.139634
10.854510 31.483036 10.107357
10.826116 31.413666 10.064368
10.803285 31.362924 10.036744
10.744438 31.281318 9.998513
10.677759 31.205791 9.982019
10.647582 31.188078 9.978279
10.627080 31.168888 9.976518
10.562199 31.147235 9.990160
10.532143 31.124847 9.990204
10.522601 31.106860 9.987231
10.511045 31.091159 9.978345
10.489790 31.063826 9.963454
10.481373 31.047641 9.957134
11.528873 31.238706 10.127371
11.537709 31.214708 10.117215
11.512921 31.255557 10.176711
10.512536 31.387013 10.356850
10.531621 31.379812 10.306927
10.565146 31.360167 10.227139
10.593635 31.344031 10.169920
10.611182 31.262663 10.070926
10.594884 31.239726 10.065042
10.574513 31.206493 10.048120
10.566276 31.191552 10.038588
10.543152 31.141836 10.011193
11.894057 31.051887 10.168050
11.887707 31.107427 10.091398
11.874921 31.083602 10.088097
10.723515 31.600249 10.242991
10.701557 31.497931 10.205073
10.669430 31.405179 10.155311
10.634201 31.290129 10.086007
10.712938 31.551749 10.226963
10.707866 31.519449 10.217004
9.575599 28.804619 10.454147
9.581375 28.822569 10.446181
9.589343 28.837902 10.435257
9.615059 28.926206 10.380331
9.618168 28.941723 10.372998
9.617538 28.967185 10.352805
9.612861 28.989568 10.331235
9.613027 29.002064 10.324533
9.614467 29.027944 10.314790
9.614556 29.041083 10.306005
9.615274 29.075798 10.284649
9.615639 29.105378 10.273855
9.614924 29.127483 10.265899
9.610866 29.145073 10.258607
9.605300 29.175322 10.248850
9.595244 29.236046 10.227656
9.591141 29.274033 10.222165
9.588383 29.301150 10.216949
9.594161 29.333973 10.198792
9.593520 29.357310 10.188342
9.597224 29.371945 10.174975
9.601121 29.383576 10.163006
9.609386 29.405385 10.126572
9.616356 29.422675 10.106229
9.620031 29.431666 10.095806
9.629835 29.448023 10.067417
9.637450 29.461425 10.047326
9.645662 29.477414 10.028454
9.659746 29.504994 9.992149
9.669203 29.526818 9.965619
9.680791 29.545574 9.939846
9.694411 29.571501 9.907562
9.702289 29.583788 9.891506
9.707596 29.595236 9.880171
9.713118 29.603663 9.867520
9.721065 29.619560 9.850736
9.740810 29.654725 9.832861
9.749526 29.669509 9.821493
9.762208 29.691032 9.797288
9.764704 29.693827 9.781447
9.765691 29.694621 9.765328
9.767181 29.695546 9.749225
9.771641 29.698794 9.722048
9.778829 29.704421 9.691811
9.785835 29.709064 9.672084
9.795457 29.715463 9.639609
9.805619 29.721198 9.612041
9.815796 29.726594 9.582681
9.830246 29.733075 9.551860
9.843237 29.739157 9.520720
9.852516 29.743640 9.495940
9.862170 29.746164 9.474989
9.876494 29.750945 9.441892
9.887765 29.753979 9.417118
9.906645 29.759278 9.388934
9.917155 29.765586 9.358942
9.921499 29.769901 9.346197
9.924979 29.774451 9.329938
9.931677 29.784687 9.300719
9.934665 29.789667 9.287860
9.941346 29.800884 9.263788
9.949412 29.814372 9.238818
9.958572 29.833869 9.218051
9.966465 29.846509 9.197812
9.973450 29.860047 9.172512
9.981284 29.871139 9.150736
9.991347 29.884218 9.130515
9.999199 29.892730 9.117030
10.010482 29.904425 9.089694
10.017761 29.911999 9.066049
10.024108 29.917964 9.052843
10.037503 29.927745 9.023101
10.044200 29.932668 9.009187
10.053412 29.939090 8.980915
10.060601 29.942881 8.963618
10.067840 29.946258 8.946945
10.075578 29.951161 8.927778
10.082613 29.955346 8.911286
10.097722 29.962644 8.871313
10.110205 29.966969 8.843292
10.119106 29.969588 8.822979
10.125329 29.971414 8.808205
10.134606 29.973105 8.795522
10.150540 29.975081 8.778604
10.163941 29.977085 8.768866
10.191130 29.988628 8.744911
10.198214 29.986971 8.726773
9.721263 28.914267 10.560268
9.711660 28.911520 10.547683
9.655219 28.855343 10.382508
9.658485 28.886400 10.512358
9.410279 30.061701 11.017801
9.397532 29.995234 10.973145
9.386701 29.951503 10.941942
9.377081 29.912595 10.924902
9.358867 29.849730 10.888712
9.337202 29.770643 10.825786
9.325817 29.664771 10.751311
9.331080 29.634255 10.716934
9.338106 29.626154 10.695122
9.344630 29.618124 10.670459
9.356117 29.607004 10.638893
9.364556 29.597330 10.616872
9.400124 29.564615 10.545311
9.443865 29.533643 10.467288
9.478812 29.500604 10.388712
9.527897 29.453210 10.281428
9.602699 29.395800 10.172372
9.605179 29.400529 10.147872
9.421675 30.126805 11.060552
9.418066 30.099654 11.053352
10.386519 30.129385 10.330161
10.382914 30.217047 10.307580
10.380490 30.246809 10.297938
10.380647 30.304795 10.287142
10.381014 30.324471 10.284602
10.382918 30.382749 10.276099
10.384271 30.430948 10.265961
10.385334 30.520117 10.246228
10.382735 30.537105 10.234849
10.381119 30.549475 10.226324
10.377449 30.568984 10.213051
10.374415 30.587788 10.199817
10.372227 30.614012 10.181456
10.371661 30.624844 10.166680
10.370392 30.679734 10.134678
10.369547 30.717262 10.094333
10.373295 30.761993 10.054042
10.381065 30.806654 10.016735
10.402015 30.881480 9.950361
9.602754 28.880609 10.413357
9.612022 28.893876 10.395233
10.685924 31.452898 10.169413
10.776356 31.311150 10.013638
10.762699 31.295209 10.007381
10.699132 31.300353 10.053494
10.679330 31.283345 10.043135
10.667851 31.270326 10.037765
10.646356 31.247195 10.030961
10.631629 31.236546 10.026050
10.605235 31.217470 10.025640
10.708121 31.387288 10.109735
10.647877 31.338962 10.116933
10.627198 31.280903 10.074008
10.812903 31.210140 10.133432
10.789999 31.224525 10.122480
9.423703 30.176021 11.082228
11.680732 30.791242 10.240669
11.671496 30.776840 10.219234
11.626201 30.721356 10.122552
11.562243 30.695418 10.005622
11.552929 30.695869 9.987986
11.529206 30.700345 9.953093
11.507202 30.704800 9.929138
11.463893 30.708735 9.863972
11.661410 30.835440 10.260347
11.657009 31.036644 10.069327
11.773481 30.800364 10.266272
10.746376 31.242850 10.113491
12.066734 29.712742 9.966542
12.050161 29.717134 9.948333
12.032412 29.719913 9.936230
11.996365 29.724935 9.903972
11.976894 29.727487 9.881482
11.966662 29.729607 9.871271
11.954609 29.729911 9.858412
11.936929 29.733805 9.835781
11.928031 29.738655 9.823234
11.912817 29.747468 9.799231
11.890653 29.758125 9.771742
11.813387 29.790274 9.722112
11.761883 29.814662 9.692559
11.730930 29.830025 9.673009
11.707547 29.841224 9.661266
11.681370 29.853894 9.649317
11.614852 29.880743 9.615075
11.556162 29.901828 9.583780
11.524735 29.912224 9.567326
11.485180 29.923411 9.548540
11.460173 29.936890 9.535197
11.442230 29.949211 9.526810
11.402840 29.970002 9.511916
11.386469 29.980357 9.504294
11.342870 30.001683 9.489208
11.295585 30.025549 9.476750
11.266980 30.035556 9.469235
11.252588 30.043289 9.464560
11.218397 30.055163 9.456595
11.164998 30.083943 9.446243
11.115929 30.112861 9.439757
11.073107 30.153509 9.442928
11.459930 29.924578 10.050708
11.453953 29.935779 10.040809
11.432013 29.995544 9.994566
11.407117 30.082136 9.959050
11.396751 30.085497 9.942450
11.387809 30.087080 9.925308
11.341531 30.098251 9.865169
11.276204 30.113992 9.808833
11.215684 30.129101 9.756647
11.192118 30.135068 9.744975
11.139285 30.156011 9.683874
11.139733 30.158002 9.666372
11.141049 30.162999 9.634260
11.137237 30.169662 9.607501
11.129685 30.173118 9.589348
11.667914 30.726653 10.160160
10.565031 31.274859 10.072990
10.560757 31.262973 10.056436
8.966249 28.979821 10.667813
9.301748 29.105466 10.476430
9.309303 29.121789 10.467046
9.320531 29.139044 10.456569
9.338839 29.165658 10.439834
9.373355 29.210626 10.426625
9.382747 29.222150 10.426392
9.391524 29.245391 10.422896
9.408906 29.261191 10.399515
9.429559 29.268280 10.365028
9.480569 29.282712 10.308275
9.549450 29.295811 10.261485
9.584770 29.328055 10.221615
11.589323 30.694983 10.047018
9.280314 29.001907 10.505186
9.281110 29.016821 10.504310
11.969210 29.602083 9.942691
11.965588 29.625734 9.928379
11.966821 29.642988 9.915496
9.109693 29.592106 10.843035
9.281924 29.633299 10.764367
9.040256 29.006268 10.636551
9.296205 29.089683 10.482636
9.194012 29.060749 10.573289
9.106105 29.021631 10.599640
10.822127 30.629751 10.355664
10.796660 30.627491 10.356754
10.636130 30.567389 10.347750
10.585404 30.520668 10.337485
10.475353 30.521674 10.295523
9.222047 29.065195 10.534516
11.552343 30.093310 9.998022
11.531056 30.093261 9.995500
9.318240 29.706180 10.799551
9.325648 29.695073 10.785155
11.466028 30.197478 10.082801
11.455447 30.170198 10.047411
9.863356 29.038190 10.331731
9.796185 29.061318 10.304334
9.739154 29.089008 10.280313
9.666828 29.109570 10.265426
9.160886 29.603446 10.817589
9.240466 29.633228 10.795166
10.703766 30.623309 10.361036
11.882288 29.384690 9.727027
11.800066 29.455252 9.708202
11.733356 29.514517 9.687656
11.700861 29.540495 9.674410
11.684692 29.555911 9.668709
11.668305 29.571386 9.662385
11.613297 29.643287 9.632590
11.572766 29.688482 9.612651
11.534242 29.739644 9.590531
11.502097 29.809767 9.564826
11.485514 29.876338 9.553650
11.469901 29.927410 9.542640
9.372156 29.645395 10.760944
9.393573 29.291159 10.484917
9.396176 29.283280 10.464130
9.398432 29.276915 10.442428
9.405667 29.262760 10.414202
9.421868 29.264575 10.380794
9.822418 30.405104 10.766808
9.880409 30.334536 10.707093
9.891176 30.294671 10.681583
9.913500 30.230784 10.564763
9.933546 30.173564 10.480159
9.935744 30.132934 10.396767
9.922523 30.114288 10.363916
9.912944 30.101379 10.343416
9.893013 30.073088 10.304098
9.888309 30.065050 10.287357
9.874185 30.037397 10.251719
9.864121 30.010894 10.219476
9.847824 29.961613 10.158274
9.833643 29.909008 10.095168
9.826203 29.883914 10.060586
9.816084 29.856062 10.027254
9.811541 29.844727 10.011290
9.803370 29.827030 9.986681
9.799370 29.817235 9.972987
9.792447 29.797635 9.949495
9.787465 29.786185 9.931130
9.783717 29.775757 9.915662
9.775713 29.747738 9.880009
9.768927 29.723351 9.852297
9.763519 29.695690 9.830694
9.763568 29.694332 9.814173
10.240837 30.271215 10.531828
10.228536 30.263157 10.526393
10.170124 30.237527 10.504317
10.127899 30.215392 10.488525
10.096369 30.199146 10.475492
10.032776 30.178717 10.453806
9.968983 30.155695 10.429570
11.051039 30.282095 10.043738
11.055644 30.272327 10.024215
11.071748 30.213705 9.939452
11.098184 30.145555 9.851748
11.110195 30.143100 9.807178
11.126146 30.147626 9.749482
10.893830 30.048717 10.134844
10.904616 30.055720 10.124147
11.034550 30.108607 9.961254
11.723872 28.575843 9.412524
11.717206 28.564537 9.394815
11.694861 28.482613 9.278883
11.690010 28.463412 9.271365
11.682610 28.417776 9.246466
11.666965 28.408627 9.238053
11.629520 28.390239 9.224452
11.612259 28.383409 9.219542
11.547343 28.366807 9.211895
11.527487 28.361383 9.212313
11.484798 28.347640 9.219195
11.390608 28.315843 9.237605
11.369738 28.319759 9.240311
11.324080 28.323628 9.246381
11.297535 28.327677 9.250899
11.198486 28.356406 9.286386
11.173633 28.372641 9.302511
11.089061 28.390694 9.320989
11.050466 28.394695 9.319613
11.031274 28.397386 9.316193
11.005524 28.403443 9.310486
10.935061 28.442057 9.285784
10.887492 28.480200 9.264716
10.860451 28.504511 9.253163
10.837669 28.524689 9.242947
10.808763 28.547198 9.228460
10.792118 28.561610 9.223797
10.770485 28.590815 9.216702
10.722117 28.633753 9.201446
10.665310 28.694879 9.207386
10.650813 28.718409 9.186241
10.641970 28.735156 9.171500
10.630904 28.758028 9.152354
10.622290 28.772142 9.139943
10.615523 28.783503 9.131477
10.606148 28.802294 9.119976
10.594945 28.824766 9.106521
10.585724 28.844830 9.096526
10.578695 28.859368 9.088353
10.571937 28.874056 9.079265
10.560132 28.895786 9.067210
10.550509 28.917125 9.056153
10.541061 28.936249 9.044931
10.531648 28.958232 9.033909
10.525579 28.971350 9.026059
10.520212 28.984244 9.018788
10.513524 28.998762 9.011837
10.505729 29.016779 9.001892
10.498462 29.033812 8.994386
10.490731 29.049922 8.984341
10.483575 29.066593 8.974247
10.474772 29.089376 8.964732
10.465624 29.111812 8.951479
10.456941 29.134942 8.938502
10.442017 29.168524 8.916564
10.432479 29.195024 8.903919
10.423713 29.220985 8.891900
10.419076 29.233710 8.885349
10.405711 29.262756 8.867337
10.398506 29.279052 8.859362
10.388675 29.301547 8.847694
10.382418 29.314708 8.840150
10.367715 29.342584 8.824007
10.359616 29.360515 8.816140
10.351340 29.374641 8.809125
10.341328 29.394740 8.798371
10.334444 29.407597 8.791333
10.321586 29.431347 8.779188
10.312865 29.443388 8.771214
10.301007 29.465563 8.759875
10.291475 29.481679 8.749558
10.280889 29.498553 8.737686
10.269438 29.519874 8.726389
10.255697 29.542791 8.711210
10.247806 29.558356 8.702528
10.235957 29.579637 8.688515
10.222979 29.601391 8.671891
10.216456 29.612003 8.663075
10.207902 29.626117 8.652186
10.201603 29.636901 8.642797
10.195703 29.648659 8.634627
10.189480 29.659117 8.624847
10.182205 29.672014 8.613964
10.173593 29.687307 8.599102
10.166593 29.699750 8.585843
10.154999 29.719036 8.566463
10.145648 29.738856 8.550450
10.138586 29.752728 8.537366
10.131172 29.766541 8.525370
10.123427 29.783627 8.509543
10.117287 29.796563 8.497629
10.112549 29.809555 8.489796
10.105816 29.829274 8.475074
10.099913 29.845365 8.461980
10.094156 29.863976 8.448516
10.090282 29.878341 8.438594
10.084835 29.920726 8.417001
9.943558 30.357578 10.703697
9.901109 30.328545 10.702867
9.854417 30.368477 10.725892
10.538667 30.520486 10.320608
11.039996 30.308419 10.089582
11.131587 29.829875 9.836050
11.130962 29.869074 9.814783
11.126440 29.976127 9.749648
11.127156 30.026201 9.735842
11.128013 30.093547 9.694406
11.918505 27.892591 9.163946
11.900309 27.903626 9.160523
11.878988 27.914499 9.158934
11.860246 27.925865 9.157920
11.786600 27.962864 9.161781
11.660342 28.023179 9.179427
11.641601 28.033106 9.184049
11.609383 28.051737 9.193009
11.519170 28.114766 9.208315
11.461204 28.169154 9.223046
11.440023 28.191557 9.226361
11.390721 28.267022 9.234780
11.836749 29.408300 9.719872
9.819083 30.290044 10.765686
9.884376 30.317245 10.702229
10.932482 30.067204 10.081903
11.016254 30.096478 9.988784
11.756155 28.524095 9.286920
11.707226 28.545795 9.353529
9.405129 28.118444 9.864140
9.454180 28.203885 9.866207
9.496162 28.265001 9.864287
9.583506 28.353298 9.873914
9.618294 28.409470 9.868079
9.623926 28.447746 9.863989
9.628388 28.479505 9.859968
9.633850 28.512994 9.857380
9.636698 28.534572 9.855453
9.640423 28.556818 9.853002
9.657225 28.588085 9.846322
9.666846 28.620925 9.840759
9.675818 28.649025 9.835914
9.684927 28.672243 9.830951
9.692843 28.686185 9.827834
9.697742 28.702892 9.823760
9.714896 28.726152 9.814971
9.722866 28.786581 9.781864
9.730545 28.828019 9.759604
9.741207 28.905864 9.720227
9.743198 28.919377 9.715414
9.745648 28.937734 9.709507
9.753815 28.987633 9.681838
9.760571 29.022779 9.669325
9.767024 29.067409 9.647242
9.775649 29.094233 9.636235
9.786263 29.138648 9.620100
9.794058 29.161446 9.611143
9.808011 29.202988 9.594224
9.812721 29.217144 9.589446
9.823351 29.245150 9.578339
9.839312 29.293480 9.561493
9.852031 29.327631 9.546014
9.855231 29.341891 9.540089
9.870544 29.389849 9.519468
9.883106 29.427924 9.494910
9.890684 29.454747 9.485221
9.898668 29.483416 9.474414
9.905941 29.517266 9.454398
9.908979 29.541969 9.443263
9.914604 29.573319 9.426384
9.917146 29.603041 9.411726
9.918276 29.637032 9.395555
9.919519 29.652824 9.391079
9.917959 29.715610 9.377765
11.074071 30.168502 9.953362
11.093719 30.158119 9.902024
10.962084 30.091697 10.043465
9.903219 30.255059 10.605785
9.915160 30.218330 10.539689
11.125258 29.923930 9.767315
11.850236 28.406478 9.209385
11.737033 28.391966 9.209440
11.667540 28.392877 9.218000
11.785866 28.398343 9.209147
10.697007 28.886191 10.029300
10.692781 28.859191 9.990749
10.687850 28.805286 9.929789
10.686242 28.783182 9.894456
10.685146 28.751308 9.863664
10.687548 28.718055 9.845276
10.685924 28.706545 9.828052
10.686203 28.704384 9.807592
10.686934 28.703437 9.775903
10.691136 28.704224 9.722025
10.690401 28.714842 9.675577
10.702812 28.711503 9.645459
10.706154 28.713848 9.606223
10.705010 28.712018 9.562024
10.703269 28.710166 9.534812
10.699822 28.707012 9.500535
10.694066 28.702784 9.457144
10.689147 28.699366 9.417561
10.684712 28.697087 9.386971
10.679730 28.693644 9.340922
10.677280 28.691196 9.311091
10.675938 28.690181 9.292551
10.673027 28.689253 9.262920
10.668551 28.692273 9.232200
9.426508 28.165242 9.865920
9.521144 29.234160 10.335900
9.569741 29.192424 10.342925
9.573276 29.273187 10.305442
11.733149 27.995691 9.161462
10.681681 28.670581 10.069802
10.675710 28.663072 10.043432
10.673669 28.658662 10.021345
10.676365 28.671217 9.931648
10.678500 28.682395 9.880577
10.685480 28.698677 9.865474
10.660746 28.515476 9.971392
10.671039 28.637686 9.917174
9.540306 28.321320 9.870391
9.606029 28.332295 9.925978
9.719605 28.402489 9.842512
9.695064 28.417511 9.847007
10.663782 28.577508 9.944723
9.542343 28.587711 9.925744
9.568918 28.596701 9.905087
9.656198 28.603558 9.845311
11.433540 28.711763 9.558774
11.409782 28.654384 9.513909
11.352355 28.514392 9.413942
11.295487 28.492742 9.384842
11.214770 28.442118 9.342972
11.113167 28.393566 9.320232
11.470228 28.779654 9.621142
11.527168 28.373778 9.301040
11.490099 28.817271 9.645877
11.062681 28.130123 9.749638
11.066532 28.140740 9.718263
11.072402 28.165962 9.647900
11.077462 28.198192 9.544951
11.077412 28.232767 9.443068
11.072370 28.267427 9.397476
11.073170 28.294856 9.382292
11.069744 28.333095 9.356550
11.058078 28.355800 9.345227
11.055446 28.102420 9.791879
11.389774 28.496142 9.494095
11.099889 28.197869 9.788671
11.068805 28.149176 9.693683
10.656132 27.878811 9.683075
10.652724 27.897328 9.671024
10.642873 27.987262 9.611456
10.638569 28.038961 9.578773
10.633859 28.099963 9.543599
10.630950 28.156500 9.520125
10.631059 28.172901 9.510286
10.630969 28.212785 9.487959
10.630951 28.226071 9.480333
10.630896 28.243126 9.468161
10.631175 28.274768 9.454389
10.631847 28.298050 9.439581
10.634776 28.345814 9.413165
10.635697 28.360408 9.406318
10.639611 28.389296 9.391248
10.649238 28.460277 9.339995
10.661092 28.541975 9.308900
10.673406 28.608780 9.285105
10.671121 28.629029 9.277180
11.389206 28.609947 9.462617
11.375198 28.553806 9.435264
11.130979 28.053688 9.396360
11.075354 28.249417 9.407364
10.720877 28.761489 9.823691
10.718862 28.761748 9.808243
10.713471 28.758089 9.778465
10.697567 28.736036 9.721459
10.692844 28.724107 9.687929
11.075967 28.182868 9.590853
11.077550 28.216927 9.497033
11.078933 28.225178 9.485718
10.866448 28.912466 9.710383
10.859784 28.892447 9.701403
10.837160 28.840668 9.690480
10.806804 28.788335 9.680033
10.785547 28.775676 9.644979
10.743194 28.743067 9.614172
10.861437 28.764320 9.759283
10.906121 28.999292 9.750125
10.927914 29.038446 9.764823
10.650139 27.930333 9.637705
11.119314 28.106937 9.400263
11.104807 28.183103 9.396457
10.759486 28.761477 9.680080
11.050092 28.479696 9.367275
11.046070 28.456473 9.358622
11.035026 28.445494 9.350098
11.164240 28.620487 9.497218
11.086059 28.523405 9.410329
11.033207 28.461822 9.336094
11.198839 28.675893 9.550779
11.139907 28.594871 9.457617
11.064982 28.491653 9.378659
11.116093 28.555952 9.443304
9.346320 30.535269 8.027804
9.346930 30.534718 8.010086
9.347566 30.534339 7.995241
9.348535 30.533829 7.977260
9.349527 30.533527 7.959642
9.351287 30.533333 7.935698
9.353433 30.533215 7.912083
9.355482 30.533181 7.889735
9.357888 30.533292 7.867103
9.361238 30.533348 7.845746
9.364840 30.533500 7.817371
9.367222 30.533553 7.795886
9.369709 30.533638 7.770765
9.371931 30.533649 7.753085
9.374291 30.533576 7.729001
9.375779 30.533552 7.713754
9.378116 30.533395 7.690067
9.380569 30.533243 7.665242
9.381875 30.533132 7.649293
9.383246 30.532925 7.627136
9.384164 30.532780 7.612282
9.385419 30.532690 7.585982
9.387415 30.532805 7.554177
9.388725 30.533330 7.525673
9.389718 30.533680 7.510104
9.390416 30.534415 7.493158
9.391280 30.535502 7.467056
9.391846 30.536174 7.451684
9.392471 30.537216 7.430404
9.393031 30.538217 7.411371
9.393452 30.539593 7.395732
9.394139 30.542191 7.370469
9.395023 30.545079 7.341544
9.395631 30.547333 7.320453
9.396797 30.550001 7.297138
9.397675 30.551371 7.282841
9.398667 30.552509 7.268431
9.400621 30.554639 7.246926
9.402584 30.556081 7.230477
9.409500 30.558706 7.193071
9.416437 30.560344 7.169219
9.424253 30.560873 7.153092
9.437207 30.562109 7.130635
9.447148 30.563272 7.110954
9.461801 30.564680 7.083965
9.471468 30.567847 7.058510
8.198045 33.161913 8.974624
8.252172 33.184397 8.956442
8.372962 33.219163 8.921988
8.414729 33.238402 8.904546
8.508214 33.235469 8.891200
8.549447 33.228249 8.886353
8.575358 33.219106 8.882959
8.622216 33.203200 8.876928
8.688913 33.189280 8.859941
8.713323 33.176821 8.848847
8.747409 33.158893 8.834928
8.771601 33.147537 8.827865
8.786672 33.141014 8.822755
8.843245 33.107093 8.803426
8.877836 33.082185 8.789946
8.929467 33.039416 8.768714
8.976028 33.011706 8.747336
9.021271 32.985391 8.724216
9.078882 32.952101 8.696674
9.160931 32.932225 8.656730
9.175017 32.931918 8.650583
9.238459 32.922514 8.593113
9.245785 32.912043 8.581843
9.259343 32.895869 8.556925
9.271606 32.857854 8.540949
9.278412 32.820735 8.531546
9.285104 32.797240 8.526116
9.291705 32.767895 8.520110
9.303847 32.734528 8.512081
9.322832 32.694000 8.502917
9.342262 32.669268 8.489337
9.366538 32.650174 8.471337
9.378038 32.642087 8.462672
9.412520 32.624578 8.442663
9.429059 32.600694 8.418265
9.430495 32.559844 8.381356
9.438150 32.499175 8.321173
9.446808 32.435899 8.265903
9.451785 32.412322 8.239283
9.458422 32.377881 8.207812
9.463970 32.350031 8.185145
9.467384 32.337198 8.169704
9.473374 32.311192 8.145288
9.479322 32.287210 8.122316
9.483820 32.269970 8.104132
9.491100 32.240596 8.070883
9.495747 32.206053 8.041349
9.501134 32.167215 8.005843
9.511676 32.138094 7.958900
9.516048 32.133932 7.943703
9.518966 32.130934 7.930032
9.524670 32.126072 7.911621
9.533812 32.118434 7.883776
9.539907 32.113894 7.867448
9.560369 32.100234 7.831308
9.578771 32.086787 7.796880
9.597386 32.074089 7.766681
9.617080 32.055380 7.729610
9.635782 32.037281 7.688685
9.678125 32.010000 7.637583
9.691863 31.989372 7.607083
9.699092 31.969114 7.574357
9.701761 31.957775 7.554073
9.702284 31.946526 7.537617
9.701984 31.939106 7.516885
9.700685 31.925711 7.489833
9.699192 31.913562 7.468256
9.691872 31.900163 7.436352
9.682116 31.888690 7.398029
9.672572 31.882202 7.372110
9.666269 31.881134 7.355918
9.662374 31.880412 7.340098
9.659052 31.880738 7.326435
9.648812 31.882085 7.295795
9.643237 31.882382 7.276492
9.638494 31.883848 7.261912
9.627584 31.886331 7.239490
9.610398 31.889740 7.211868
9.599763 31.891998 7.198897
9.575592 31.897579 7.173492
9.563472 31.900670 7.152470
9.545683 31.904789 7.131373
9.526736 31.908526 7.116573
9.512267 31.912201 7.097802
9.497482 31.915478 7.085577
9.466700 31.921864 7.064756
9.444110 31.926578 7.049965
9.417583 31.934304 7.024463
9.411662 31.937739 7.010105
9.409567 31.943018 6.987559
9.406444 31.948489 6.964475
9.402006 31.954309 6.944340
9.398350 31.958675 6.926708
9.393369 31.963347 6.907977
9.388092 31.968656 6.890197
9.379425 31.976661 6.855520
9.366297 31.985367 6.814213
9.359640 31.988615 6.800165
9.346210 31.996031 6.763688
9.333799 31.998020 6.733292
9.319604 31.998074 6.700913
9.314678 31.995005 6.684703
9.309954 31.990778 6.664248
9.306301 31.986884 6.647744
9.303590 31.982282 6.632369
9.299528 31.972196 6.610838
9.298157 31.962934 6.597576
9.296010 31.955264 6.580470
9.295041 31.943884 6.563824
9.294523 31.935025 6.550640
9.294377 31.923406 6.535942
9.294538 31.910640 6.519263
9.294593 31.900245 6.507438
9.294920 31.887917 6.492644
9.295682 31.872371 6.474949
9.296903 31.857098 6.455174
9.297650 31.844529 6.443071
9.298382 31.833337 6.431615
9.299528 31.816219 6.415337
9.300533 31.802971 6.399284
9.301361 31.793136 6.386995
9.302484 31.776165 6.370603
9.303490 31.760184 6.359392
9.304700 31.740800 6.339846
9.305695 31.726419 6.327225
9.306815 31.707425 6.313384
9.307901 31.693165 6.299783
9.309247 31.674990 6.284573
9.310409 31.661276 6.273497
9.312006 31.642873 6.262988
9.314035 31.624603 6.250508
9.315809 31.608158 6.240080
9.318508 31.588281 6.227474
9.320177 31.575858 6.220640
9.322548 31.560211 6.208128
9.325287 31.547103 6.191741
9.328768 31.532414 6.177575
9.333402 31.507504 6.159278
9.336854 31.490111 6.147995
9.340136 31.475191 6.136752
9.342876 31.461265 6.126670
9.347360 31.442025 6.110889
9.351046 31.427019 6.099517
9.354209 31.413865 6.090739
9.356980 31.403900 6.081077
9.361527 31.388210 6.067263
9.365022 31.372683 6.060936
9.368823 31.360235 6.049712
9.373589 31.347306 6.033633
9.377908 31.331865 6.023039
9.385981 31.307517 6.002226
9.389671 31.297131 5.993092
9.394921 31.284141 5.976940
9.400557 31.271291 5.960742
9.405319 31.259840 5.946482
9.412262 31.244940 5.925626
9.417679 31.228802 5.911875
9.422286 31.215678 5.899998
9.426467 31.203986 5.887977
9.431262 31.190931 5.875165
9.435328 31.180827 5.864782
9.439149 31.169026 5.854257
9.445446 31.150259 5.839568
9.453461 31.127913 5.822865
9.460358 31.102018 5.804087
9.463204 31.090506 5.795406
9.470239 31.057273 5.779643
9.476648 31.031309 5.763579
9.480465 31.016276 5.756761
9.483485 31.002601 5.752957
9.491606 30.961096 5.746887
9.499264 30.924091 5.744224
9.507974 30.892260 5.740209
9.521090 30.868348 5.709249
8.905754 33.737118 8.100421
8.992650 33.676094 8.152469
9.049448 33.640701 8.188353
9.096696 33.614043 8.213192
9.157055 33.583677 8.237935
9.239429 33.527033 8.270726
9.247464 33.500815 8.275992
9.253415 33.442205 8.287744
9.253953 33.416525 8.291157
9.254733 33.330029 8.321337
9.255770 33.278702 8.353261
9.258521 33.233103 8.383997
9.259153 33.142371 8.434555
9.260032 33.126055 8.440305
9.261903 33.105019 8.448322
9.265999 33.044199 8.468552
9.267105 33.021550 8.477400
9.270832 32.969124 8.499776
9.273451 32.940038 8.509366
9.271792 32.904765 8.520028
8.314040 33.210157 8.933800
9.381304 33.896364 8.233010
9.352754 33.855801 8.225049
9.278246 33.728934 8.218141
9.254542 33.592999 8.261191
9.412862 33.930186 8.240559
8.945579 33.703434 8.131455
8.976313 33.682945 8.146877
8.469276 33.353818 8.905929
8.533607 33.231806 8.889753
9.391979 33.604559 8.291183
9.369912 33.578671 8.288031
9.332961 33.509455 8.286637
9.314668 33.499898 8.285921
9.321687 33.797284 8.219350
9.253909 33.666328 8.223640
9.246624 33.642397 8.227194
8.600345 33.150858 8.926176
10.498152 33.408771 8.442518
10.472919 33.412552 8.445327
10.310273 33.411613 8.470870
10.222758 33.400067 8.485133
10.196804 33.398410 8.487528
10.148717 33.397474 8.489989
10.112160 33.397105 8.490342
10.089520 33.394007 8.490342
10.029608 33.366118 8.484413
9.964118 33.351116 8.480272
9.886399 33.232530 8.477546
9.831063 33.112655 8.480504
9.814296 33.077647 8.481415
9.802816 33.055339 8.482101
9.773909 33.013265 8.483967
9.739461 32.974075 8.483638
9.725973 32.959233 8.483674
9.696958 32.920390 8.483532
9.669036 32.883443 8.483534
9.647422 32.853875 8.483164
9.632006 32.827179 8.482213
9.606509 32.770186 8.478111
9.582336 32.736524 8.473963
9.537891 32.668043 8.482329
9.522133 32.655478 8.473735
9.489170 32.642481 8.454637
9.444887 32.641057 8.456449
9.429062 32.630264 8.449156
8.686995 33.404265 8.938439
8.701048 33.271801 8.874769
8.719932 33.195475 8.851377
8.689923 33.342571 8.906643
13.975104 29.570211 7.196302
13.968715 29.545026 7.168683
13.965327 29.532819 7.152124
13.890525 29.508191 7.067933
13.841809 29.507273 7.032210
13.782909 29.506622 6.998804
13.710640 29.512865 6.980102
13.662769 29.532551 6.928831
13.649990 29.538927 6.898619
13.641469 29.543587 6.878027
13.638776 29.544563 6.858844
13.634624 29.547472 6.829823
13.632482 29.550125 6.801600
13.630310 29.553927 6.778627
13.621728 29.572781 6.714598
13.609318 29.608137 6.658712
13.598310 29.641539 6.614856
13.589313 29.667913 6.594697
13.577997 29.695496 6.557961
13.566688 29.718360 6.540384
13.544032 29.757775 6.513760
13.505666 29.811701 6.484739
13.495724 29.829811 6.478718
13.478289 29.849362 6.464230
13.436825 29.871601 6.436044
13.397213 29.895587 6.411880
13.379012 29.902547 6.400800
13.347976 29.917962 6.384457
13.310385 29.940168 6.366739
13.296926 29.949132 6.358997
13.256615 29.971412 6.342812
13.230487 29.982762 6.332553
13.199941 30.000357 6.322001
13.153828 30.015029 6.314304
13.129548 30.025740 6.308682
13.117253 30.046878 6.291863
13.104354 30.069433 6.273494
13.092498 30.087766 6.259570
13.079308 30.102165 6.249763
13.063213 30.123500 6.239133
13.050365 30.140552 6.231797
13.029173 30.162101 6.219280
13.015508 30.179230 6.210306
12.990849 30.217603 6.195306
12.985803 30.240397 6.191074
12.972277 30.266822 6.182285
12.932168 30.267732 6.168957
12.917716 30.267178 6.162662
12.870548 30.268742 6.144727
12.838047 30.273244 6.131331
12.816577 30.277377 6.122752
12.798164 30.280786 6.114516
12.779946 30.283071 6.108880
12.755476 30.287665 6.100426
12.738421 30.290775 6.093258
12.717518 30.296299 6.088421
12.691278 30.303118 6.082285
12.658848 30.312718 6.074562
12.635920 30.320737 6.069818
12.612083 30.328903 6.065402
12.585855 30.337178 6.060641
12.560510 30.346473 6.055953
12.529771 30.358898 6.051078
12.517000 30.366025 6.048796
12.501366 30.370558 6.046714
12.476865 30.386070 6.042765
12.456017 30.397018 6.039568
12.433395 30.410690 6.035735
12.415426 30.420306 6.032673
12.394998 30.426730 6.029863
12.370444 30.435933 6.026186
12.351649 30.444205 6.023290
12.331988 30.455167 6.020224
12.307446 30.465919 6.015786
12.286374 30.476038 6.012525
12.269635 30.481665 6.009925
12.256698 30.487628 6.007619
12.235512 30.496593 6.005378
12.210423 30.505657 6.002126
12.193444 30.513129 5.999905
12.171421 30.525239 5.997970
12.146891 30.533631 5.995502
12.118595 30.547553 5.992677
12.105079 30.553824 5.991626
12.075275 30.562647 5.987258
12.051114 30.567701 5.983223
12.034143 30.569551 5.980729
12.014112 30.571037 5.977640
11.990582 30.573068 5.973417
11.963136 30.574834 5.966778
11.948920 30.575698 5.963972
11.928592 30.577108 5.957907
11.912667 30.578426 5.953638
11.879557 30.581114 5.944965
11.854854 30.583201 5.937424
11.837998 30.584649 5.933361
11.816610 30.586769 5.927767
11.800829 30.588272 5.924410
11.784922 30.590013 5.918417
11.753651 30.593503 5.910449
11.736039 30.595633 5.902940
11.720857 30.597944 5.895097
11.695473 30.600990 5.884159
11.675665 30.603218 5.879258
11.655560 30.605918 5.873337
11.635811 30.608621 5.867103
11.609358 30.612679 5.858112
11.589824 30.616127 5.852312
11.572500 30.619140 5.847712
11.553180 30.621487 5.841852
11.523610 30.627871 5.832016
11.506775 30.632189 5.826476
11.489051 30.638294 5.822028
11.457089 30.655165 5.815502
11.430836 30.669093 5.811549
11.409021 30.680799 5.810790
11.384366 30.709684 5.815269
11.370028 30.720865 5.816642
11.356443 30.737510 5.818726
11.326083 30.749596 5.812328
11.271305 30.757190 5.801080
11.239703 30.767680 5.797681
11.222609 30.772050 5.795424
11.193915 30.783591 5.791803
11.165721 30.794532 5.790837
11.141316 30.801531 5.787514
11.122029 30.805615 5.785012
11.092593 30.811261 5.779672
11.072867 30.815923 5.774075
11.052699 30.819744 5.769128
11.018775 30.824893 5.753722
10.998195 30.827269 5.744037
10.981853 30.828216 5.737646
10.964696 30.828689 5.731980
10.949386 30.829007 5.725341
10.922014 30.827281 5.714725
10.908749 30.826445 5.708273
10.884839 30.824664 5.696591
10.870600 30.823924 5.689744
10.858506 30.822874 5.682504
10.843646 30.822070 5.676260
10.829983 30.821426 5.670251
10.810584 30.819908 5.660106
10.783921 30.818954 5.649899
10.755972 30.819612 5.636692
10.718006 30.821752 5.621405
10.693627 30.822985 5.610295
10.670250 30.823519 5.595039
10.653533 30.822738 5.582743
10.639140 30.821883 5.573159
10.624592 30.821623 5.567863
10.604153 30.819118 5.558990
10.593065 30.818237 5.546723
10.581150 30.816658 5.536897
10.554808 30.812488 5.520636
10.533933 30.808128 5.502848
10.518818 30.805155 5.494082
10.496761 30.799582 5.476382
10.476371 30.794343 5.456823
10.454784 30.788013 5.437185
10.425427 30.780529 5.417747
10.409790 30.776283 5.406793
10.383745 30.769249 5.385648
10.347704 30.757801 5.367101
10.334174 30.754261 5.362883
10.311597 30.748335 5.355875
10.290623 30.741848 5.347191
10.273219 30.737163 5.342084
10.246831 30.730553 5.335139
10.233215 30.727818 5.332006
10.217931 30.723920 5.328121
10.201333 30.721452 5.319951
10.186467 30.717760 5.311691
10.168872 30.713495 5.302877
10.141447 30.711158 5.287084
10.118885 30.708620 5.267120
10.104903 30.707741 5.257199
10.092107 30.707202 5.246905
10.073490 30.707092 5.234324
10.057296 30.707132 5.228486
10.041624 30.707237 5.221303
10.028383 30.707332 5.211609
10.011400 30.707577 5.204944
9.996640 30.707729 5.199197
9.976253 30.708113 5.189399
9.960594 30.708359 5.185231
9.946543 30.708525 5.180434
9.931773 30.708751 5.176251
9.917584 30.708940 5.172499
9.903167 30.709162 5.168231
9.876673 30.709519 5.160143
9.829836 30.709804 5.153983
9.802182 30.710056 5.148529
9.754744 30.710099 5.145342
9.724786 30.709834 5.144130
9.697174 30.709477 5.140492
9.169431 33.395752 8.972405
9.180064 33.291590 8.875054
9.186854 33.257087 8.850170
9.202478 33.202845 8.805206
9.216319 33.152620 8.762957
9.219809 33.136217 8.741687
9.231617 33.080502 8.688344
9.232709 33.064281 8.683706
9.232773 33.028041 8.669754
9.234487 32.984787 8.645976
9.243556 32.950571 8.604370
8.796840 33.382507 8.792689
8.733566 33.171951 8.843415
10.405359 33.424419 8.453037
10.322498 33.422225 8.470703
8.791101 33.316156 8.807857
9.933721 33.557080 8.431149
9.932963 33.511858 8.437645
9.991540 33.384483 8.476531
9.172063 33.348265 8.931574
9.939964 33.625117 8.419446
9.936709 33.591150 8.425062
9.935196 33.575726 8.428221
13.969948 29.452530 7.131424
13.897971 29.505133 7.086899
10.110824 33.484643 8.510925
13.463104 29.640355 7.106416
13.473277 29.631339 7.099705
13.606953 29.555166 6.986344
13.357904 31.177904 7.028748
13.350278 31.164845 7.020188
13.312919 31.105129 6.978009
13.305838 31.089223 6.967127
13.282899 31.058832 6.947351
13.237737 30.986020 6.906905
13.229693 30.970936 6.884073
13.227018 30.958570 6.869453
13.222888 30.932725 6.833563
13.219385 30.904770 6.805988
13.216816 30.874132 6.773342
13.235505 30.831546 6.765217
13.253414 30.804127 6.717986
13.275270 30.794837 6.641041
13.291885 30.782734 6.610395
13.312043 30.775360 6.562260
13.337247 30.749484 6.519392
13.349245 30.737239 6.497507
13.370280 30.693920 6.453463
13.376651 30.658696 6.433952
13.388255 30.618496 6.404673
13.391440 30.582640 6.387333
13.379132 30.538665 6.371995
13.370071 30.527748 6.362841
13.355253 30.514464 6.348112
13.342478 30.501979 6.332915
13.309924 30.484315 6.313726
13.290330 30.475278 6.303759
13.276977 30.470684 6.298897
13.242042 30.456597 6.284018
13.228685 30.453250 6.280598
13.198195 30.446341 6.274319
13.177490 30.441955 6.270719
13.145119 30.429220 6.260297
13.133087 30.417056 6.250736
13.120298 30.399784 6.240029
13.104167 30.381534 6.225498
13.089062 30.368706 6.219031
13.058624 30.346090 6.207568
13.026434 30.321247 6.196156
13.005070 30.300235 6.189466
12.986114 30.280861 6.184102
12.955955 30.268610 6.176810
14.195129 30.556087 6.433463
14.177098 30.554510 6.435481
14.151055 30.552786 6.438261
14.044866 30.543546 6.451089
14.024762 30.542484 6.455764
13.908469 30.554205 6.479671
13.888802 30.554217 6.482004
13.867344 30.551379 6.477703
13.843039 30.548935 6.476657
13.783414 30.545592 6.465091
13.737837 30.537849 6.450823
13.717749 30.538275 6.447677
13.699272 30.537964 6.441582
13.641227 30.542855 6.423924
13.592166 30.543336 6.412122
13.539210 30.542417 6.398785
13.510168 30.540881 6.392957
13.486722 30.539742 6.389232
13.436242 30.537519 6.381378
13.427637 29.666095 7.137826
9.302924 33.089465 8.685549
9.260148 33.084120 8.686467
14.068273 30.726038 6.621880
14.044299 30.715684 6.610301
13.962743 30.673198 6.573337
13.907590 30.619255 6.529797
13.880736 30.585981 6.513624
13.858479 30.567132 6.494513
13.570700 29.565812 7.019021
13.625740 29.545728 6.959303
13.832833 30.775938 6.709641
13.841749 30.756868 6.677274
13.870926 30.701912 6.608413
13.901846 30.639567 6.548094
13.974556 30.461334 6.522162
13.971046 30.477199 6.508745
8.630698 32.708753 8.767838
8.640780 32.698214 8.767924
8.722619 32.660932 8.767845
8.740029 32.661346 8.766601
8.763135 32.662720 8.764350
8.941859 32.656514 8.734919
9.029315 32.650200 8.720319
9.061678 32.645900 8.716070
9.193569 32.634754 8.677016
9.213460 32.642637 8.630888
9.268288 32.654129 8.561252
9.300191 32.665100 8.529453
8.608026 32.529883 8.793544
10.246688 32.682221 8.714278
10.194327 32.668702 8.707837
10.106434 32.652172 8.691493
9.965978 32.666043 8.640299
9.820068 32.659826 8.590842
9.761129 32.655813 8.570433
9.721171 32.651916 8.559251
9.663260 32.650066 8.538502
9.599492 32.652503 8.499885
9.537241 32.652271 8.464317
9.522667 32.649588 8.460978
9.507347 32.646292 8.458081
13.630606 29.622865 6.933977
13.631138 29.607862 6.932065
13.639686 29.556946 6.884382
13.516229 29.595379 7.077625
13.530982 29.594699 7.053828
14.104366 30.548066 6.443264
10.168192 32.540481 8.722528
10.164727 32.553912 8.719615
8.658632 32.564952 8.791268
13.280726 30.571708 6.853467
13.260711 30.628580 6.828679
13.247950 30.669816 6.806920
13.244434 30.722464 6.773627
13.242419 30.748299 6.767322
13.241906 30.772105 6.763039
13.990998 30.412220 6.558149
13.978065 30.548429 6.467990
10.153448 32.640317 8.705304
8.667596 32.621673 8.778466
9.593956 30.390249 8.857403
9.602392 30.419407 8.838599
9.610057 30.454377 8.818364
9.618985 30.502591 8.803561
9.622021 30.537604 8.774247
9.599815 30.600424 8.701045
9.595756 30.623085 8.682924
9.574616 30.698231 8.619381
9.592254 30.724854 8.594018
9.695977 30.811990 8.539623
9.717592 30.828405 8.534239
9.820528 30.898003 8.494139
9.816858 30.908583 8.482619
9.812600 30.919868 8.469246
9.805713 30.948613 8.438609
9.801620 30.984860 8.402613
9.801454 31.013763 8.386253
9.800975 31.035818 8.365230
9.800679 31.063892 8.343543
9.801272 31.112332 8.313893
9.800916 31.176611 8.298127
9.800591 31.211068 8.286726
9.801670 31.238020 8.256274
9.802635 31.242344 8.238074
9.804454 31.255830 8.193617
9.804396 31.276944 8.163996
9.803240 31.291475 8.139738
9.801747 31.305101 8.117440
9.800150 31.327341 8.091923
9.796773 31.369863 8.045029
9.795409 31.409597 8.009019
9.795266 31.420567 7.991195
9.795698 31.469855 7.928462
9.796761 31.489685 7.911431
9.798551 31.519766 7.876009
9.799644 31.544153 7.841160
9.799028 31.566489 7.807807
9.799137 31.605117 7.768406
9.798185 31.619690 7.756212
9.797493 31.645325 7.728655
9.796736 31.658190 7.717580
9.792784 31.684584 7.692366
9.784389 31.714138 7.667172
9.779471 31.723200 7.637352
9.776420 31.725964 7.615151
9.771339 31.729655 7.588979
9.765367 31.735099 7.569055
9.759354 31.741232 7.553572
9.753495 31.747047 7.537788
9.732414 31.773059 7.487600
9.714944 31.800597 7.452626
9.704502 31.824786 7.433777
9.686297 31.859811 7.399623
13.736389 29.479935 6.850783
13.716152 29.492651 6.843196
13.702898 29.500819 6.836874
13.725825 30.445710 6.476339
13.723639 30.490466 6.463139
13.720277 30.504870 6.456091
14.007501 30.689646 6.582334
9.092226 32.501939 8.826467
9.105703 32.525786 8.810883
9.134946 32.569005 8.781275
9.190818 32.626447 8.724340
9.192639 32.631690 8.696243
9.428950 32.628290 8.895935
9.290608 32.604052 8.819712
9.272337 32.605049 8.806990
9.235826 32.613618 8.766078
9.229506 32.630950 8.718162
9.225237 32.639596 8.699973
9.839908 30.539714 8.826715
9.791850 30.534641 8.812172
9.736984 30.636970 8.735892
9.754971 30.681577 8.671207
9.890778 30.797803 8.636754
9.885514 30.808708 8.627124
9.867740 30.831675 8.591554
9.852112 30.851454 8.561808
9.833538 30.876128 8.523386
9.343048 32.601685 8.861962
9.328981 32.603312 8.850015
9.312006 32.604267 8.837529
13.632415 31.458266 6.788448
13.623072 31.481682 6.676795
13.634732 31.470786 6.588139
13.607501 31.444108 6.506845
13.580512 31.428588 6.470727
13.506835 31.398797 6.464408
13.482154 31.387838 6.461816
13.460910 31.375840 6.460083
13.411044 31.327687 6.459679
13.354484 31.279240 6.458533
13.303539 31.194962 6.466901
13.247660 31.126943 6.472298
13.198401 31.064893 6.497392
13.177964 31.036246 6.511506
13.164039 31.018997 6.519812
13.091841 30.976585 6.548500
13.016178 30.913566 6.564763
13.019458 30.886628 6.552535
13.032976 30.802618 6.526982
13.044887 30.713476 6.496700
13.060106 30.630088 6.452760
13.082528 30.580698 6.423895
13.094483 30.565048 6.402337
13.107006 30.538447 6.372233
13.121718 30.511268 6.344360
13.134590 30.482913 6.312156
13.143362 30.453996 6.287068
13.138016 30.437222 6.269926
9.368292 32.537371 8.909822
10.013665 32.659344 8.658957
8.849135 32.664451 8.749414
8.878413 32.664438 8.742818
9.950571 30.705424 8.755959
9.933190 30.735358 8.728095
9.925142 30.752532 8.699299
9.905362 30.783956 8.660887
13.244014 30.824013 6.833061
13.243005 30.813692 6.782949
13.246399 30.808553 6.762360
9.329623 32.552228 8.874847
13.537674 31.640862 6.699170
13.591733 31.567691 6.693157
13.617629 31.475235 6.648174
9.682144 30.520223 8.813676
9.712310 30.530232 8.793257
9.916911 32.672059 8.622368
9.689907 31.634268 8.929758
9.678532 31.611591 8.918703
9.626864 31.504599 8.857401
9.609782 31.440754 8.792065
9.613626 31.427947 8.732129
9.631185 31.417212 8.694070
9.682078 31.401786 8.646199
9.701422 31.401234 8.642185
9.737380 31.357056 8.543749
9.748929 31.336830 8.503079
9.769113 31.305711 8.431824
9.776874 31.294538 8.407355
9.780812 31.286002 8.387608
9.784102 31.278407 8.373025
9.787197 31.268657 8.357510
9.791990 31.256405 8.327757
9.795416 31.243091 8.306184
9.797590 31.242268 8.291094
9.182936 32.608311 8.770002
9.206372 32.631738 8.714376
9.621017 31.379526 8.891888
9.655604 30.580363 8.760395
9.260601 32.684587 8.666758
9.268043 32.648630 8.582930
9.655454 31.565371 8.893273
9.123317 32.634218 8.721723
9.231895 32.715424 8.623954
13.576376 31.451952 6.593678
9.307116 32.068951 8.782596
9.291374 32.087503 8.704988
9.268356 32.090152 8.686816
9.247960 32.090022 8.668377
9.219510 32.091057 8.631139
9.202047 32.094255 8.593950
9.196571 32.097426 8.570838
9.183124 32.102700 8.524944
9.176093 32.106435 8.500106
9.159595 32.115972 8.433182
9.150579 32.123092 8.405671
9.140603 32.129327 8.372079
9.131260 32.135715 8.350956
9.123382 32.140468 8.319340
9.122809 32.150003 8.280251
9.116515 32.151936 8.265071
9.159590 32.147005 8.193579
9.222149 32.139921 8.149242
9.290600 32.133151 8.101528
9.308038 32.131574 8.094859
9.337031 32.130997 8.073196
9.425962 32.135320 8.022163
9.504373 32.144393 7.981048
9.301418 32.727090 8.624641
9.366643 32.736509 8.572628
9.388582 32.695726 8.538655
9.389679 32.669081 8.487963
9.418447 32.651496 8.467056
9.429917 32.640668 8.458759
9.399322 32.183538 8.705647
9.387360 32.174315 8.703891
9.372039 32.158853 8.701492
9.199738 32.607199 8.535659
9.930868 31.430062 8.651227
9.908715 31.426591 8.647126
9.869389 31.420561 8.637449
9.803241 31.408094 8.626266
9.753498 31.385312 8.604028
9.672953 31.430138 8.756886
8.326902 32.711948 8.322970
8.334356 32.690237 8.319046
8.405594 32.469342 8.299352
8.425223 32.360764 8.299920
8.444515 32.312528 8.282152
8.449485 32.289697 8.279912
8.471012 32.247708 8.294818
8.523679 32.210779 8.273909
8.633212 32.202051 8.264782
8.732717 32.197157 8.256059
8.823664 32.192536 8.249823
8.911798 32.185279 8.245929
9.009945 32.170767 8.256647
9.085898 32.164721 8.266339
9.636223 30.759009 8.564511
9.704907 30.812089 8.525531
13.120215 31.316859 6.806144
13.122060 31.293984 6.796636
13.109025 31.214944 6.753047
13.089069 31.129948 6.705912
13.063813 31.046810 6.672032
13.055637 31.021026 6.660138
13.036021 30.965243 6.625449
13.029742 30.946338 6.596769
13.021946 30.858348 6.543068
13.210912 30.776742 6.514698
9.183244 31.965043 8.691440
9.191285 32.010503 8.672242
9.202741 32.059619 8.638665
8.273832 32.216425 8.257097
8.320498 32.221708 8.255823
8.382866 32.228112 8.259497
8.437490 32.237748 8.285517
8.459547 32.227787 8.280589
8.401962 32.393164 8.344218
8.408521 32.384454 8.330336
8.396759 32.519383 8.298396
8.392108 32.495596 8.302676
12.919016 31.043601 6.687880
12.918578 31.031729 6.673164
12.921350 30.982110 6.617530
12.983619 30.955277 6.591132
13.007454 30.925508 6.569625
8.363746 32.620439 8.310560
8.411782 32.420699 8.302253
8.432132 32.348356 8.291972
8.379269 32.565684 8.306097
13.567987 29.911786 6.529479
13.555459 29.905300 6.516028
13.546276 29.891373 6.506722
13.465979 29.859316 6.454727
13.136167 30.928489 6.637424
13.140145 30.911005 6.628524
13.130946 30.886412 6.618645
13.124093 30.869008 6.604867
13.029292 30.822451 6.532356
9.174027 32.018593 8.627359
8.392624 32.060829 8.342324
8.432695 32.105631 8.322719
8.446961 32.162890 8.304821
8.485558 32.220955 8.277642
13.190536 30.870079 6.598801
13.167549 30.884831 6.606788
13.149434 30.882308 6.614332
13.149419 29.698285 6.566648
13.141704 29.715367 6.556178
13.135347 29.740547 6.544489
13.118273 29.829606 6.501045
13.110207 29.925199 6.452393
13.105375 29.991252 6.399467
13.104964 30.002912 6.361187
13.106678 30.021458 6.327898
13.108069 30.032691 6.310615
13.188580 30.881824 6.677419
12.949401 30.607505 6.495608
12.997397 30.614635 6.487271
13.037580 30.606613 6.469120
13.060213 30.601385 6.455333
13.025791 29.983607 6.477886
13.036049 29.983780 6.468256
13.092821 29.990885 6.406464
13.105571 29.995536 6.380409
13.127112 29.778641 6.520479
13.124711 29.792418 6.517629
12.885114 30.576365 6.509731
8.561513 32.259009 8.302150
8.799556 32.282074 8.487036
8.826854 32.272115 8.471504
8.930906 32.234338 8.384034
8.983111 32.208149 8.341558
8.654036 32.254129 8.305157
8.786333 32.194733 8.252444
12.970980 29.987023 6.504435
9.335297 32.261811 8.324110
8.889420 32.248418 8.422618
9.318553 32.214318 8.324724
9.271565 32.185760 8.293058
9.291668 32.185201 8.305748
9.313873 32.179022 8.301727
9.244824 32.137853 8.126993
9.228335 32.198283 8.277118
9.167662 32.168677 8.286550
9.147429 32.146967 8.276161
13.050670 28.134011 7.457319
13.019447 28.129955 7.396753
12.986101 28.125854 7.310276
12.959418 28.133065 7.258514
12.949439 28.140328 7.251055
12.924985 28.146852 7.239483
12.879027 28.157390 7.225625
12.807922 28.177758 7.205853
12.748108 28.203637 7.189327
12.680144 28.235831 7.177181
12.650334 28.245528 7.171735
12.620211 28.259911 7.165995
12.579514 28.276589 7.159143
12.540777 28.292895 7.152527
12.512872 28.305509 7.148512
12.496884 28.312029 7.145705
12.473002 28.318670 7.141245
12.438476 28.334264 7.135028
12.411467 28.344436 7.129862
12.366740 28.359850 7.120011
12.345217 28.368283 7.115200
12.312105 28.377723 7.108257
12.299108 28.382109 7.105118
12.274539 28.392849 7.097492
12.247736 28.401904 7.090390
12.220942 28.413464 7.082552
12.197070 28.421903 7.075935
12.137337 28.448772 7.055999
12.086326 28.475092 7.040371
12.018111 28.501825 7.022161
11.976283 28.526781 7.006640
11.932355 28.549423 6.991054
11.896504 28.569129 6.979566
11.869789 28.584593 6.969286
11.839458 28.602644 6.959070
11.823933 28.611320 6.953587
11.792298 28.630208 6.947417
11.756181 28.657042 6.942906
11.715296 28.689205 6.939240
11.684843 28.720172 6.937203
11.667442 28.740423 6.935721
11.647982 28.756435 6.934193
11.619272 28.783903 6.929435
11.598733 28.805490 6.925546
11.583729 28.822407 6.918935
11.553629 28.855453 6.908539
11.511834 28.905565 6.891844
11.489341 28.932710 6.877058
11.478216 28.951385 6.868686
11.460767 28.976023 6.857429
11.451463 28.999209 6.847089
11.445988 29.019527 6.840298
11.425480 29.052188 6.825230
11.400950 29.069472 6.817478
11.373264 29.090380 6.807761
11.351306 29.101770 6.802249
11.326220 29.111571 6.797616
11.312426 29.117868 6.793903
11.283106 29.128989 6.786206
11.266857 29.134340 6.782152
11.249656 29.142600 6.776984
11.217901 29.155297 6.765682
11.183922 29.173949 6.754155
11.152928 29.190520 6.739916
11.108955 29.213496 6.717752
11.089248 29.222365 6.709268
11.063830 29.233843 6.697216
11.030714 29.249305 6.683063
11.014616 29.258690 6.673865
10.997700 29.266274 6.666074
10.965650 29.279442 6.650331
10.926229 29.296720 6.633777
10.890870 29.311435 6.620285
10.844454 29.334223 6.604509
10.819920 29.342974 6.598173
10.769651 29.363271 6.585058
10.718658 29.384992 6.575824
10.691216 29.398304 6.571460
10.681582 29.423449 6.557008
10.672215 29.438091 6.550623
10.656073 29.463130 6.541209
10.629271 29.501155 6.525362
10.605208 29.528309 6.517242
10.594482 29.542546 6.513083
10.562214 29.586984 6.500922
10.536859 29.613109 6.492929
10.517799 29.645330 6.484683
10.506557 29.660729 6.480089
10.499746 29.673774 6.475977
10.471779 29.704430 6.464902
10.459639 29.714925 6.460811
10.435462 29.735140 6.450998
10.418105 29.757908 6.441034
10.408136 29.777006 6.431708
10.399437 29.789471 6.423717
10.392901 29.811345 6.414464
10.386692 29.834849 6.402979
10.382160 29.848905 6.394399
10.377201 29.859684 6.384675
10.370864 29.881087 6.374592
10.359475 29.912034 6.356008
10.352352 29.929042 6.344694
10.343161 29.952954 6.327449
10.337281 29.968910 6.314374
10.331380 29.986762 6.304285
10.326490 30.000437 6.295839
10.322607 30.015142 6.287575
10.321046 30.028425 6.274692
10.311061 30.052663 6.255209
10.300730 30.075371 6.231761
10.294037 30.087772 6.214910
10.285363 30.107915 6.191603
10.278704 30.124629 6.172354
10.274037 30.136308 6.156889
10.268988 30.154102 6.140298
10.265539 30.163923 6.127320
10.260766 30.179581 6.107129
10.255716 30.196063 6.086562
10.252691 30.208719 6.076315
10.249372 30.220886 6.061315
10.244718 30.235169 6.042731
10.242386 30.243529 6.031651
10.239753 30.251979 6.020201
10.234528 30.267243 5.996095
10.231000 30.281541 5.985234
10.227586 30.292379 5.973702
10.224817 30.301556 5.961719
10.221733 30.311066 5.946854
10.218725 30.319053 5.935451
10.214111 30.334616 5.917092
10.209459 30.348282 5.897391
10.206454 30.358996 5.884730
10.203680 30.366440 5.870328
10.201183 30.374461 5.854730
10.198162 30.388516 5.839555
10.195576 30.397346 5.825799
10.191403 30.420403 5.799522
10.188467 30.434457 5.776505
10.187044 30.441109 5.762588
10.184869 30.452970 5.740241
10.184025 30.462068 5.728954
10.183014 30.466810 5.714247
10.182203 30.474878 5.698846
10.181642 30.482031 5.685607
10.180934 30.492240 5.662693
10.180272 30.504968 5.635787
10.181196 30.524817 5.589043
10.181420 30.549769 5.556977
10.181676 30.570745 5.517012
10.182851 30.581584 5.487234
10.184673 30.600600 5.444404
10.185540 30.609846 5.432637
10.186816 30.623910 5.413324
10.187277 30.632508 5.400985
10.188995 30.664894 5.366267
10.191245 30.710800 5.326772
9.619257 32.367966 8.031524
9.625676 32.340597 8.017301
9.629611 32.321357 8.009168
9.635079 32.299168 8.000037
9.642362 32.270411 7.986685
9.652345 32.234127 7.971048
9.598578 32.166304 7.972685
13.250494 27.953786 7.313054
13.132936 28.003903 7.281226
13.078671 28.031200 7.282502
13.011428 28.081614 7.278993
12.979599 28.114677 7.268769
9.568054 31.666629 8.199857
9.586614 31.643296 8.184884
13.188483 27.981823 7.298397
13.004278 27.836827 7.390616
13.047316 28.041950 7.282906
13.020265 27.940730 7.360346
13.021542 27.962548 7.350289
13.022331 27.983772 7.339932
9.665955 31.547448 8.103268
9.614942 31.607391 8.162690
13.010440 27.893460 7.374896
13.015417 28.299701 7.218164
12.961342 28.206795 7.227870
9.688796 31.496944 8.059611
9.685530 32.149217 7.930620
9.676671 32.164180 7.939063
9.603992 32.155186 7.955310
9.580662 32.160539 7.953101
9.892958 32.152113 7.940805
9.816725 32.151081 7.935220
9.778663 32.146279 7.931625
9.705462 32.100518 7.902123
9.714513 32.042976 7.875139
9.724121 32.000634 7.854029
9.728967 31.982139 7.840059
9.735258 31.954347 7.824471
9.745269 31.914643 7.799923
9.757092 31.866416 7.769441
9.768623 31.811633 7.726549
9.778412 31.773754 7.690446
9.773879 31.730157 7.656549
12.839797 28.904793 6.549936
12.725723 28.928739 6.537041
12.614815 28.943477 6.527493
12.592151 28.946166 6.513301
12.560785 28.953130 6.500641
12.484786 28.950922 6.475888
12.415148 28.932376 6.473348
12.347328 28.916231 6.492102
12.273632 28.896964 6.551441
12.209437 28.878266 6.632687
12.198908 28.875677 6.659438
12.149290 28.876029 6.723291
12.133418 28.876797 6.723194
12.080971 28.885034 6.724891
12.065733 28.888032 6.726188
12.018705 28.900675 6.729007
11.965592 28.915911 6.732242
11.895650 28.945099 6.737197
11.825157 28.977952 6.743187
11.756536 29.002412 6.752332
11.722452 29.011819 6.758409
11.663984 29.043622 6.775837
11.619882 29.061051 6.789195
11.589385 29.064373 6.793006
11.559227 29.068016 6.796284
11.499180 29.073999 6.802660
11.460147 29.076327 6.806877
11.429659 29.078456 6.810890
11.404150 29.084672 6.810036
12.723824 28.878420 6.748026
12.656141 28.925451 6.655079
12.614445 28.915986 6.554705
12.892863 28.910627 6.555204
12.688736 28.903674 6.702287
12.666053 28.919491 6.666943
12.568019 29.190615 6.528864
12.554653 29.044787 6.499427
12.547682 28.956254 6.493231
12.524936 28.956093 6.483251
12.563327 29.137004 6.516903
12.562692 29.117572 6.511593
12.560635 29.103119 6.512329
12.523501 28.655986 6.790709
12.424225 28.716092 6.780419
12.391457 28.730245 6.775304
12.351711 28.753316 6.769193
12.282995 28.793806 6.753915
12.234450 28.828874 6.740873
12.172069 28.874564 6.723892
9.127438 31.909849 7.352436
9.163401 31.907135 7.329987
9.180737 31.905834 7.317644
9.215301 31.903090 7.290035
9.234830 31.902303 7.272943
9.248380 31.901996 7.259297
9.264838 31.901247 7.239609
9.285266 31.901136 7.218582
9.298293 31.901916 7.203108
9.306264 31.903482 7.191402
9.325801 31.904985 7.165406
9.336767 31.906976 7.151074
9.356720 31.910485 7.124958
9.374175 31.914294 7.098074
9.399864 31.922345 7.062929
9.412874 31.932160 7.039145
12.478486 28.673377 6.787532
11.946066 29.650531 6.812973
11.944764 29.634078 6.816291
11.941887 29.588786 6.827316
11.926270 29.494587 6.845403
11.913119 29.437276 6.849021
11.887808 29.353028 6.843054
11.863660 29.292230 6.834503
11.845319 29.266330 6.829291
11.769344 29.191464 6.816979
11.757955 29.098438 6.802591
11.696653 29.070711 6.801155
12.448008 31.111891 6.375296
12.463963 31.073590 6.361507
12.474521 31.042883 6.350915
12.480869 30.983567 6.327134
12.475226 30.962232 6.319940
12.429368 30.907331 6.294571
12.399574 30.876421 6.282042
12.365243 30.854576 6.270064
12.321394 30.827407 6.249811
12.290871 30.803497 6.231389
12.265768 30.777099 6.209162
12.246430 30.757009 6.193988
12.231476 30.738801 6.175875
12.218339 30.724747 6.162123
12.202019 30.706721 6.144496
12.162515 30.677026 6.115422
12.128395 30.638878 6.080975
12.102809 30.596018 6.030772
12.193617 29.336686 6.792145
12.115409 29.309809 6.787402
11.967742 29.270324 6.791764
11.856671 29.278644 6.830798
11.935717 29.539551 6.836777
12.065969 29.295098 6.785732
11.480010 31.282104 6.741660
11.480610 31.191532 6.698482
11.480987 31.161835 6.680799
11.480196 31.087845 6.656236
11.476067 31.039009 6.626890
11.474073 31.036228 6.610729
11.470188 31.030806 6.590666
11.466427 31.023420 6.571349
11.462487 31.014755 6.552733
11.458806 31.008673 6.539548
11.454569 31.002764 6.522888
11.449735 30.996971 6.503151
11.445587 30.990290 6.490521
11.436353 30.974117 6.456491
11.428374 30.962078 6.423898
11.420649 30.945386 6.388480
11.408608 30.927082 6.343215
11.403068 30.918177 6.317312
11.399506 30.911614 6.298027
11.393987 30.899754 6.262379
11.391559 30.891056 6.237855
11.388373 30.873783 6.195098
11.385905 30.852608 6.146424
11.384838 30.844515 6.124926
11.382170 30.813921 6.060283
11.379113 30.794713 6.007425
11.373922 30.780925 5.977585
11.369045 30.772679 5.948716
11.363756 30.763517 5.917464
11.361383 30.760131 5.900888
11.356939 30.753839 5.880153
11.355843 30.751179 5.863271
11.353987 30.754273 5.841461
11.345937 30.750251 5.824941
11.479867 31.236600 6.719052
11.479985 31.214004 6.709194
11.535401 31.013366 6.747527
11.520175 31.024053 6.720066
11.487569 31.038501 6.652253
11.627018 30.984293 6.779367
10.460506 28.776000 6.431499
10.575472 28.925227 6.527723
10.606017 28.943150 6.547285
10.676406 29.000363 6.607189
10.679635 29.043499 6.609838
10.682096 29.074449 6.611579
10.687037 29.155031 6.616216
10.683158 29.292494 6.615325
10.689675 29.355262 6.592993
10.691118 29.371185 6.587967
10.530121 28.886439 6.494385
10.560889 28.909156 6.515453
10.502845 28.851678 6.479174
10.693928 28.926356 6.632300
10.652365 28.959324 6.587524
9.974719 30.340664 7.109300
9.968977 30.347245 7.081871
9.963023 30.354544 7.053043
9.959213 30.361892 7.033015
9.955161 30.368027 7.009843
9.951566 30.375051 6.987332
9.948431 30.382556 6.964569
9.946073 30.386316 6.949424
9.943878 30.392293 6.930109
9.940967 30.400670 6.905746
9.937073 30.410669 6.868863
9.935287 30.415695 6.849482
9.933825 30.418375 6.833086
9.931984 30.422497 6.811572
9.929586 30.427543 6.783644
9.925344 30.432883 6.736381
9.919111 30.440372 6.686642
9.916301 30.443647 6.660673
9.909867 30.450458 6.608629
9.903626 30.456331 6.572287
9.899858 30.459537 6.552015
9.892735 30.465259 6.521165
9.889617 30.467937 6.504753
9.886103 30.470806 6.490586
9.880210 30.475742 6.463251
9.875540 30.479537 6.444906
9.871763 30.482459 6.427872
9.867755 30.485807 6.411522
9.862237 30.489544 6.392769
9.855219 30.494785 6.364678
9.850418 30.498748 6.344262
9.846149 30.501657 6.327622
9.840175 30.505594 6.306319
9.834833 30.510053 6.282938
9.831499 30.512487 6.266204
9.827120 30.515755 6.248799
9.822830 30.518449 6.234673
9.820593 30.520675 6.220391
9.814999 30.524205 6.200805
9.811383 30.527024 6.184731
9.806501 30.530378 6.163137
9.803409 30.532640 6.149426
9.799850 30.535451 6.134418
9.795811 30.538413 6.115745
9.791758 30.541512 6.098822
9.787377 30.544672 6.080511
9.784756 30.547150 6.065858
9.782013 30.549963 6.048703
9.775969 30.555098 6.021763
9.773230 30.558180 6.001851
9.769195 30.562406 5.977733
9.766397 30.565306 5.959506
9.762915 30.569118 5.938944
9.759504 30.573603 5.914504
9.757689 30.575913 5.900605
9.755298 30.579471 5.879943
9.753193 30.584213 5.854265
9.750366 30.587289 5.832215
9.748606 30.590282 5.813514
9.745362 30.597016 5.773455
9.743187 30.600832 5.747663
9.741794 30.604947 5.731648
9.740354 30.608989 5.714831
9.738914 30.612008 5.696552
9.737664 30.614862 5.681998
9.735285 30.621043 5.661418
9.732074 30.626472 5.640853
9.725613 30.638838 5.600879
9.722664 30.645207 5.581524
9.718950 30.651045 5.566340
9.714038 30.661924 5.544119
9.708300 30.670367 5.526465
9.703035 30.677921 5.507341
9.698325 30.686428 5.488216
9.692918 30.697933 5.469631
9.686027 30.708372 5.442339
9.677806 30.713352 5.407075
9.677880 30.713654 5.387711
9.673132 30.721557 5.341144
10.467575 29.069638 6.771511
10.526585 29.156231 6.761294
10.537612 29.173420 6.755254
10.548931 29.191883 6.748555
10.578549 29.227614 6.728223
10.627003 29.284847 6.679578
10.663929 29.345529 6.611817
10.495160 29.107495 6.766010
9.671138 28.665497 7.000312
9.816996 28.792791 6.954468
9.819069 28.810764 6.949797
9.820410 28.830325 6.943993
9.828597 28.874773 6.931687
9.853395 28.947931 6.912103
9.888269 29.021221 6.893352
9.891799 29.035784 6.891101
9.909453 29.068723 6.883422
9.931395 29.107259 6.876901
9.966524 29.166381 6.862039
9.987309 29.210108 6.851748
10.024206 29.266470 6.827900
10.087849 29.347880 6.792025
10.105096 29.386561 6.778360
10.122399 29.409644 6.768231
10.136991 29.436659 6.756460
10.151425 29.464832 6.737863
10.175207 29.509390 6.706089
10.194625 29.546729 6.685841
10.216782 29.580173 6.659936
10.234679 29.606694 6.640897
10.241772 29.618027 6.631794
10.254953 29.635284 6.614848
10.263622 29.645594 6.605522
10.284907 29.669204 6.580981
10.335199 29.721362 6.516359
10.374067 29.752615 6.438174
9.811876 28.726761 6.977707
9.818232 28.747050 6.970538
9.831408 28.676854 6.994584
9.711178 28.718305 6.984361
10.774739 29.609001 6.874345
10.771460 29.598199 6.860390
10.736867 29.487187 6.684595
10.755355 29.526284 6.752265
10.744548 29.513051 6.724215
10.760583 29.568677 6.803658
11.701354 30.853461 6.049312
11.560342 30.827376 6.009184
11.454655 30.807996 5.994392
11.626074 30.834542 6.026499
11.510495 30.818130 6.001609
11.769256 29.488738 9.700228
8.750483 33.282828 8.829359
13.099644 31.165366 6.732453
13.100155 31.143807 6.726204
12.647419 28.932560 6.598229
1 0
523 1
3 2
528 3
5 4
6 5
529 6
531 7
9 8
10 9
520 10
12 11
13 12
14 13
15 14
16 15
17 16
18 17
19 18
534 19
21 20
22 21
23 22
24 23
25 24
26 25
27 26
28 27
29 28
30 29
31 30
32 31
33 32
554 33
35 34
36 35
37 36
38 37
39 38
40 39
41 40
42 41
43 42
44 43
45 44
46 45
47 46
48 47
49 48
50 49
51 50
52 51
53 52
54 53
55 54
56 55
57 56
58 57
59 58
60 59
61 60
62 61
63 62
64 63
65 64
66 65
67 66
943 67
69 68
70 69
71 70
72 71
73 72
74 73
75 74
76 75
77 76
78 77
79 78
80 79
81 80
82 81
83 82
613 83
85 84
86 85
87 86
88 87
89 88
90 89
91 90
92 91
93 92
94 93
95 94
96 95
97 96
98 97
99 98
100 99
101 100
102 101
103 102
104 103
105 104
106 105
107 106
108 107
109 108
110 109
111 110
112 111
113 112
114 113
115 114
116 115
117 116
118 117
119 118
120 119
121 120
122 121
123 122
124 123
125 124
126 125
127 126
128 127
129 128
130 129
131 130
132 131
133 132
134 133
135 134
136 135
137 136
138 137
139 138
140 139
141 140
142 141
143 142
144 143
145 144
146 145
147 146
148 147
149 148
150 149
151 150
152 151
153 152
154 153
155 154
156 155
157 156
158 157
159 158
160 159
161 160
162 161
163 162
164 163
165 164
166 165
167 166
168 167
169 168
170 169
171 170
172 171
173 172
174 173
175 174
176 175
177 176
178 177
179 178
180 179
181 180
182 181
183 182
184 183
185 184
186 185
187 186
188 187
189 188
190 189
191 190
192 191
193 192
194 193
195 194
196 195
197 196
198 197
199 198
200 199
201 200
202 201
203 202
204 203
205 204
206 205
1398 206
208 207
209 208
210 209
211 210
212 211
213 212
214 213
215 214
216 215
217 216
218 217
219 218
220 219
221 220
222 221
223 222
224 223
225 224
226 225
227 226
228 227
229 228
230 229
231 230
232 231
233 232
234 233
235 234
236 235
237 236
238 237
239 238
240 239
241 240
242 241
243 242
244 243
245 244
246 245
247 246
248 247
249 248
250 249
251 250
252 251
253 252
254 253
255 254
256 255
257 256
258 257
259 258
260 259
261 260
262 261
263 262
264 263
265 264
266 265
267 266
268 267
269 268
270 269
271 270
272 271
273 272
274 273
275 274
276 275
1572 276
278 277
279 278
280 279
281 280
282 281
283 282
284 283
285 284
286 285
287 286
288 287
289 288
290 289
2721 290
292 291
2723 292
294 293
295 294
296 295
297 296
298 297
299 298
300 299
301 300
302 301
303 302
304 303
305 304
306 305
307 306
308 307
309 308
310 309
311 310
312 311
313 312
314 313
315 314
316 315
317 316
318 317
319 318
320 319
321 320
322 321
323 322
324 323
325 324
326 325
327 326
328 327
329 328
330 329
331 330
332 331
333 332
334 333
335 334
336 335
337 336
338 337
339 338
340 339
341 340
342 341
343 342
344 343
345 344
346 345
347 346
348 347
349 348
350 349
351 350
352 351
353 352
354 353
355 354
356 355
357 356
358 357
359 358
360 359
361 360
362 361
363 362
364 363
365 364
366 365
367 366
368 367
369 368
370 369
371 370
372 371
373 372
374 373
375 374
376 375
377 376
378 377
379 378
380 379
381 380
382 381
383 382
384 383
385 384
386 385
387 386
388 387
389 388
390 389
391 390
392 391
393 392
394 393
395 394
396 395
397 396
398 397
399 398
400 399
401 400
402 401
403 402
404 403
405 404
406 405
407 406
408 407
409 408
410 409
411 410
412 411
413 412
414 413
415 414
416 415
417 416
418 417
419 418
420 419
421 420
422 421
423 422
424 423
425 424
426 425
427 426
428 427
429 428
430 429
431 430
432 431
433 432
434 433
435 434
436 435
437 436
438 437
439 438
440 439
441 440
442 441
443 442
444 443
445 444
446 445
447 446
448 447
449 448
450 449
451 450
452 451
453 452
454 453
455 454
456 455
457 456
458 457
459 458
460 459
461 460
462 461
463 462
464 463
465 464
466 465
467 466
468 467
469 468
470 469
471 470
472 471
473 472
474 473
475 474
476 475
477 476
478 477
479 478
480 479
481 480
482 481
483 482
484 483
485 484
486 485
487 486
488 487
489 488
490 489
491 490
492 491
493 492
494 493
495 494
496 495
497 496
498 497
499 498
500 499
501 500
502 501
503 502
504 503
505 504
506 505
507 506
508 507
509 508
510 509
511 510
512 511
514 513
515 514
516 515
517 516
518 517
519 518
10 519
11 520
524 521
4 522
2 523
522 524
526 525
513 526
515 527
4 528
530 529
7 530
8 531
536 532
18 533
20 534
533 535
535 536
538 537
539 538
555 539
541 540
556 541
543 542
544 543
545 544
546 545
547 546
548 547
549 548
550 549
551 550
552 551
553 552
554 553
34 554
540 555
557 556
542 557
559 558
687 559
561 560
562 561
563 562
701 563
730 564
566 565
567 566
568 567
569 568
570 569
571 570
572 571
573 572
574 573
575 574
576 575
577 576
578 577
579 578
580 579
581 580
582 581
583 582
584 583
585 584
586 585
587 586
588 587
589 588
590 589
591 590
592 591
593 592
594 593
595 594
596 595
597 596
598 597
599 598
600 599
601 600
602 601
603 602
604 603
605 604
606 605
607 606
608 607
609 608
610 609
611 610
612 611
613 612
84 613
558 614
616 615
617 616
618 617
619 618
620 619
621 620
622 621
623 622
624 623
625 624
626 625
627 626
628 627
629 628
630 629
631 630
632 631
633 632
634 633
635 634
636 635
637 636
638 637
639 638
640 639
641 640
642 641
643 642
644 643
645 644
646 645
647 646
648 647
649 648
650 649
651 650
652 651
653 652
654 653
655 654
656 655
657 656
658 657
659 658
660 659
661 660
662 661
663 662
664 663
665 664
666 665
667 666
668 667
669 668
670 669
671 670
672 671
673 672
674 673
675 674
676 675
677 676
678 677
679 678
680 679
681 680
682 681
683 682
684 683
685 684
686 685
103 686
560 687
696 688
690 689
700 690
692 691
693 692
694 693
695 694
570 695
697 696
689 697
560 698
719 699
691 700
564 701
703 702
704 703
705 704
706 705
871 706
873 707
709 708
710 709
711 710
728 711
713 712
714 713
715 714
716 715
635 716
718 717
700 718
717 719
721 720
722 721
723 722
880 723
725 724
726 725
727 726
728 727
712 728
731 729
731 730
565 731
736 732
870 733
879 734
881 735
737 736
733 737
739 738
740 739
868 740
742 741
743 742
744 743
745 744
746 745
747 746
748 747
749 748
750 749
751 750
752 751
753 752
754 753
755 754
959 755
757 756
758 757
759 758
846 759
761 760
762 761
763 762
764 763
765 764
766 765
767 766
768 767
769 768
770 769
771 770
772 771
773 772
774 773
775 774
1034 775
777 776
778 777
779 778
780 779
781 780
782 781
783 782
784 783
785 784
786 785
787 786
788 787
789 788
790 789
791 790
792 791
793 792
794 793
795 794
796 795
797 796
798 797
799 798
800 799
801 800
802 801
803 802
804 803
805 804
806 805
807 806
808 807
809 808
810 809
811 810
812 811
813 812
814 813
815 814
816 815
817 816
818 817
819 818
820 819
821 820
822 821
823 822
824 823
121 824
826 825
828 826
869 827
868 828
830 829
831 830
832 831
833 832
834 833
980 834
836 835
837 836
838 837
839 838
840 839
841 840
842 841
843 842
844 843
845 844
759 845
760 846
848 847
829 848
850 849
851 850
852 851
853 852
854 853
855 854
856 855
857 856
858 857
859 858
860 859
861 860
862 861
863 862
864 863
865 864
866 865
867 866
640 867
869 868
741 869
734 870
872 871
707 872
874 873
875 874
876 875
877 876
878 877
726 878
880 879
735 880
724 881
883 882
896 883
847 884
886 885
944 886
960 887
889 888
890 889
891 890
892 891
580 892
885 893
569 894
885 895
873 896
898 897
899 898
900 899
901 900
902 901
903 902
904 903
905 904
906 905
907 906
908 907
909 908
910 909
911 910
912 911
913 912
914 913
915 914
916 915
1002 916
918 917
919 918
920 919
921 920
922 921
923 922
924 923
925 924
926 925
927 926
928 927
74 928
930 929
931 930
932 931
933 932
934 933
935 934
936 935
937 936
938 937
1047 938
940 939
941 940
942 941
943 942
68 943
887 944
946 945
725 946
968 947
949 948
950 949
951 950
952 951
953 952
954 953
1007 954
1008 955
957 956
1257 957
755 958
756 959
888 960
962 961
969 962
964 963
965 964
900 965
988 966
835 967
971 968
948 969
977 970
970 971
973 972
990 973
975 974
1151 975
856 976
962 977
979 978
932 979
981 980
835 981
983 982
979 983
985 984
986 985
987 986
749 987
989 988
967 989
974 990
1170 991
2775 992
994 993
995 994
996 995
997 996
998 997
999 998
1000 999
1001 1000
916 1001
917 1002
835 1003
1005 1004
1006 1005
1007 1006
955 1007
956 1008
1150 1009
1172 1010
1225 1011
1226 1012
1041 1013
1015 1014
1016 1015
1017 1016
1018 1017
1019 1018
1020 1019
1021 1020
1022 1021
1023 1022
1024 1023
1025 1024
1026 1025
1027 1026
1028 1027
1029 1028
1030 1029
1031 1030
1032 1031
1033 1032
1034 1033
776 1034
1036 1035
1037 1036
1038 1037
1039 1038
1040 1039
1041 1040
1014 1041
1043 1042
1044 1043
1222 1044
1046 1045
1047 1046
939 1047
1049 1048
1173 1049
1222 1050
1052 1051
1176 1052
1054 1053
1055 1054
1056 1055
1230 1056
1058 1057
1059 1058
1060 1059
1061 1060
1062 1061
1063 1062
1064 1063
1065 1064
1066 1065
1067 1066
1282 1067
1069 1068
1070 1069
1071 1070
1072 1071
1073 1072
1074 1073
1075 1074
1076 1075
1077 1076
1078 1077
1079 1078
1080 1079
1081 1080
1082 1081
1083 1082
1084 1083
1085 1084
1086 1085
1087 1086
1088 1087
1089 1088
1090 1089
1091 1090
1092 1091
1093 1092
1094 1093
1095 1094
1096 1095
1097 1096
1098 1097
1099 1098
1100 1099
1101 1100
1102 1101
1103 1102
1104 1103
1105 1104
1106 1105
1107 1106
1108 1107
1109 1108
1110 1109
1111 1110
1112 1111
1113 1112
1114 1113
1115 1114
1116 1115
1117 1116
1118 1117
1119 1118
1120 1119
1121 1120
1122 1121
1123 1122
1124 1123
1125 1124
1126 1125
1127 1126
1128 1127
1129 1128
1130 1129
1131 1130
1132 1131
1133 1132
1134 1133
1135 1134
1136 1135
1137 1136
1138 1137
1139 1138
1140 1139
1141 1140
1142 1141
1143 1142
1144 1143
1145 1144
1146 1145
1147 1146
137 1147
1149 1148
1172 1149
1010 1150
976 1151
1042 1152
1154 1153
1227 1154
1156 1155
1157 1156
939 1157
1159 1158
1160 1159
1161 1160
1162 1161
1260 1162
1164 1163
1165 1164
1166 1165
1167 1166
1168 1167
1169 1168
1062 1169
992 1170
1172 1171
1011 1172
1224 1173
1050 1174
1053 1175
1175 1176
1256 1177
1179 1178
1269 1179
1181 1180
1182 1181
1183 1182
1184 1183
1185 1184
1186 1185
1187 1186
1276 1187
1189 1188
1190 1189
1191 1190
1192 1191
1193 1192
1194 1193
1195 1194
1196 1195
1197 1196
1198 1197
1199 1198
1200 1199
1201 1200
1202 1201
1203 1202
1204 1203
1205 1204
1206 1205
1207 1206
1208 1207
1209 1208
1210 1209
1211 1210
1212 1211
1213 1212
1214 1213
1215 1214
1216 1215
1217 1216
1218 1217
1219 1218
1220 1219
1221 1220
792 1221
1223 1222
1045 1223
1174 1224
1012 1225
1013 1226
1155 1227
1231 1228
1230 1229
1057 1230
1229 1231
1233 1232
1234 1233
1235 1234
1236 1235
1237 1236
1238 1237
1239 1238
1240 1239
1241 1240
1325 1241
1243 1242
1244 1243
1245 1244
1246 1245
1247 1246
1248 1247
1249 1248
1250 1249
1251 1250
1252 1251
1253 1252
1254 1253
1255 1254
1080 1255
1178 1256
1259 1257
1257 1258
958 1259
1163 1260
1262 1261
1263 1262
1264 1263
1265 1264
1266 1265
1237 1266
1273 1267
1264 1268
1180 1269
1180 1270
1272 1271
1182 1272
1268 1273
1275 1274
1186 1275
1188 1276
1278 1277
1318 1278
1280 1279
1281 1280
1067 1281
1068 1282
1277 1283
1060 1284
1283 1285
1287 1286
1298 1287
1327 1288
1328 1289
1321 1290
1292 1291
1293 1292
1294 1293
1069 1294
1286 1295
1319 1296
1286 1297
1288 1298
1300 1299
1339 1300
1302 1301
1303 1302
1304 1303
1305 1304
1306 1305
1307 1306
1308 1307
1309 1308
1310 1309
1311 1310
1312 1311
1313 1312
1314 1313
1315 1314
1316 1315
1317 1316
1254 1317
1319 1318
1279 1319
1340 1320
1291 1321
1323 1322
1324 1323
1325 1324
1326 1325
1242 1326
1289 1327
1329 1328
1290 1329
1331 1330
1332 1331
1333 1332
1334 1333
1335 1334
1244 1335
1333 1336
1330 1337
1337 1338
1301 1339
1341 1340
1321 1341
1334 1342
1344 1343
1345 1344
1070 1345
1350 1346
1351 1347
1345 1348
1346 1349
1352 1350
1343 1351
1347 1352
1354 1353
1355 1354
1356 1355
1357 1356
1358 1357
1359 1358
1360 1359
1361 1360
1362 1361
1363 1362
1364 1363
1365 1364
1366 1365
1367 1366
1368 1367
1369 1368
1370 1369
1371 1370
1372 1371
1373 1372
1374 1373
1375 1374
1376 1375
1377 1376
1378 1377
1379 1378
1380 1379
1381 1380
1382 1381
1383 1382
1384 1383
1385 1384
1386 1385
1387 1386
1388 1387
1389 1388
1390 1389
1391 1390
1392 1391
1393 1392
1394 1393
1395 1394
1396 1395
1397 1396
206 1397
207 1398
1400 1399
1593 1400
1402 1401
1403 1402
1602 1403
1405 1404
1406 1405
1407 1406
1408 1407
1851 1408
1410 1409
1411 1410
1412 1411
1413 1412
1414 1413
1415 1414
1416 1415
1417 1416
1418 1417
1419 1418
1420 1419
1421 1420
1422 1421
1423 1422
1424 1423
1425 1424
1426 1425
1427 1426
1428 1427
1429 1428
1430 1429
1431 1430
1432 1431
1433 1432
1434 1433
1435 1434
1436 1435
1437 1436
1438 1437
1439 1438
1440 1439
1441 1440
1442 1441
1443 1442
1444 1443
1445 1444
1446 1445
2170 1446
1448 1447
1449 1448
1450 1449
1451 1450
1452 1451
1453 1452
1454 1453
1455 1454
1456 1455
1457 1456
1458 1457
1459 1458
1460 1459
1461 1460
1462 1461
1463 1462
1464 1463
1465 1464
1466 1465
1467 1466
1468 1467
1469 1468
1470 1469
1471 1470
1472 1471
1473 1472
1474 1473
1475 1474
1476 1475
1477 1476
1478 1477
1479 1478
1480 1479
1481 1480
1482 1481
1483 1482
1484 1483
1485 1484
2553 1485
1487 1486
1488 1487
1489 1488
1490 1489
1491 1490
1492 1491
1493 1492
1494 1493
1495 1494
1496 1495
1497 1496
1498 1497
1499 1498
1500 1499
1501 1500
1502 1501
1503 1502
1504 1503
1505 1504
1506 1505
1507 1506
1508 1507
1509 1508
1510 1509
1511 1510
1512 1511
1513 1512
1514 1513
1515 1514
1516 1515
1517 1516
1518 1517
1519 1518
1520 1519
1521 1520
1522 1521
1523 1522
1524 1523
1525 1524
1526 1525
1527 1526
1528 1527
1529 1528
1530 1529
1531 1530
1532 1531
1533 1532
1534 1533
1535 1534
1536 1535
1537 1536
1538 1537
1539 1538
1540 1539
1541 1540
1542 1541
1543 1542
1544 1543
1545 1544
1546 1545
1547 1546
1548 1547
1549 1548
1550 1549
1551 1550
1552 1551
1553 1552
1554 1553
1555 1554
1556 1555
1557 1556
1558 1557
1559 1558
1560 1559
1561 1560
1562 1561
1563 1562
1564 1563
1565 1564
1566 1565
1567 1566
1568 1567
1569 1568
1570 1569
1571 1570
275 1571
277 1572
1599 1573
1575 1574
1576 1575
1577 1576
1578 1577
1579 1578
1580 1579
1581 1580
1582 1581
1583 1582
1584 1583
1585 1584
1586 1585
1587 1586
1588 1587
1589 1588
1590 1589
1591 1590
1592 1591
1422 1592
1401 1593
1595 1594
1607 1595
1608 1596
1578 1597
1594 1598
1600 1599
1574 1600
1403 1601
1404 1602
1604 1603
1605 1604
1606 1605
1579 1606
1596 1607
1609 1608
1597 1609
1406 1610
1612 1611
1852 1612
1614 1613
1615 1614
1616 1615
1617 1616
1618 1617
1619 1618
1857 1619
1621 1620
1622 1621
1623 1622
1624 1623
1625 1624
1626 1625
1627 1626
1628 1627
1629 1628
1630 1629
1631 1630
1632 1631
1633 1632
1634 1633
1635 1634
1970 1635
1637 1636
2176 1637
1432 1638
1642 1639
1641 1640
1408 1641
1640 1642
1644 1643
1645 1644
1863 1645
1647 1646
1648 1647
1649 1648
1650 1649
1651 1650
1652 1651
1653 1652
1654 1653
1655 1654
1656 1655
1657 1656
1658 1657
1659 1658
1660 1659
1661 1660
1662 1661
1663 1662
1664 1663
1665 1664
1666 1665
2237 1666
1668 1667
1669 1668
1670 1669
1671 1670
1672 1671
1673 1672
1674 1673
1675 1674
1676 1675
1677 1676
2259 1677
1679 1678
1680 1679
1681 1680
1682 1681
1683 1682
1684 1683
1685 1684
1686 1685
1687 1686
1688 1687
1910 1688
1690 1689
1691 1690
1692 1691
1693 1692
1694 1693
1695 1694
1696 1695
1697 1696
1698 1697
1699 1698
1700 1699
1701 1700
1702 1701
1703 1702
1704 1703
1705 1704
1706 1705
1707 1706
1708 1707
1709 1708
1710 1709
1711 1710
1712 1711
1713 1712
1714 1713
1715 1714
1716 1715
1717 1716
1718 1717
1719 1718
1720 1719
1721 1720
1722 1721
1723 1722
1724 1723
1725 1724
1726 1725
1727 1726
1728 1727
1729 1728
1730 1729
1731 1730
1732 1731
1733 1732
1734 1733
1735 1734
1736 1735
1737 1736
1738 1737
1739 1738
1740 1739
1741 1740
1742 1741
1743 1742
1744 1743
1745 1744
1746 1745
1747 1746
1748 1747
1749 1748
1750 1749
1751 1750
1752 1751
1753 1752
1754 1753
1755 1754
1756 1755
1757 1756
1758 1757
1759 1758
1760 1759
1761 1760
2623 1761
1763 1762
1764 1763
1765 1764
1766 1765
1767 1766
1768 1767
1769 1768
1770 1769
1771 1770
1772 1771
1773 1772
1774 1773
1775 1774
1776 1775
1777 1776
1778 1777
1779 1778
1780 1779
1781 1780
1782 1781
1783 1782
1784 1783
1785 1784
1786 1785
1787 1786
1788 1787
1789 1788
1790 1789
1791 1790
1792 1791
1793 1792
1794 1793
1795 1794
1796 1795
1797 1796
1798 1797
1799 1798
1800 1799
1801 1800
1802 1801
1803 1802
1804 1803
1805 1804
1806 1805
1807 1806
1808 1807
1809 1808
1810 1809
1811 1810
1812 1811
1813 1812
1814 1813
1815 1814
1816 1815
1817 1816
1818 1817
1819 1818
1820 1819
1821 1820
1822 1821
1823 1822
1824 1823
1825 1824
1826 1825
1827 1826
1828 1827
1829 1828
1830 1829
1831 1830
1832 1831
1833 1832
1834 1833
1835 1834
1836 1835
1837 1836
1838 1837
301 1838
1858 1839
1841 1840
1842 1841
1843 1842
1844 1843
1845 1844
1846 1845
1847 1846
1848 1847
1849 1848
1420 1849
1854 1850
1409 1851
1853 1852
1613 1853
2776 1854
1856 1855
1857 1856
1620 1857
1840 1858
1860 1859
1861 1860
1855 1861
1645 1862
1646 1863
1617 1864
1866 1865
1975 1866
1940 1867
1869 1868
1870 1869
1871 1870
1872 1871
1873 1872
1874 1873
1875 1874
1876 1875
1877 1876
1878 1877
1879 1878
2112 1879
1881 1880
1882 1881
1883 1882
1884 1883
1885 1884
1886 1885
1887 1886
1888 1887
1889 1888
1890 1889
1891 1890
1892 1891
1893 1892
1894 1893
1895 1894
1896 1895
1897 1896
1898 1897
1899 1898
1900 1899
1901 1900
1902 1901
1903 1902
1904 1903
1905 1904
1906 1905
1907 1906
1908 1907
1909 1908
1688 1909
1689 1910
1912 1911
1913 1912
1977 1913
1915 1914
1988 1915
1917 1916
1918 1917
1919 1918
1920 1919
1921 1920
1922 1921
1923 1922
1924 1923
1925 1924
1926 1925
1927 1926
1928 1927
1929 1928
1890 1929
1865 1930
1932 1931
1845 1932
1934 1933
2050 1934
1944 1935
1937 1936
1938 1937
1918 1938
1867 1939
1650 1940
1942 1941
1943 1942
1944 1943
1936 1944
1946 1945
1988 1946
1948 1947
1990 1948
1950 1949
1951 1950
2104 1951
1953 1952
1954 1953
2145 1954
1956 1955
2143 1956
1958 1957
1428 1958
1980 1959
1961 1960
1989 1961
2103 1962
2119 1963
1965 1964
1966 1965
1967 1966
1968 1967
1634 1968
1970 1969
1971 1970
1636 1971
1973 1972
1974 1973
1652 1974
1976 1975
1939 1976
1914 1977
1979 1978
1989 1979
1990 1980
1982 1981
1983 1982
1984 1983
1985 1984
1986 1985
2112 1986
1945 1987
1916 1988
1962 1989
1949 1990
1992 1991
1993 1992
1994 1993
1995 1994
2141 1995
1997 1996
1998 1997
1999 1998
2201 1999
2202 2000
2070 2001
2003 2002
2004 2003
2005 2004
2006 2005
2007 2006
2008 2007
2009 2008
2010 2009
2011 2010
2012 2011
2137 2012
2014 2013
2015 2014
2016 2015
2017 2016
2018 2017
2019 2018
2020 2019
2021 2020
2022 2021
2023 2022
2024 2023
2025 2024
2026 2025
2027 2026
2028 2027
2029 2028
2030 2029
2031 2030
2032 2031
2033 2032
2488 2033
2035 2034
2036 2035
2037 2036
2038 2037
2039 2038
2040 2039
2041 2040
2042 2041
2043 2042
1467 2043
2045 2044
2046 2045
1654 2046
2048 2047
2049 2048
1922 2049
1935 2050
2052 2051
2053 2052
2138 2053
2139 2054
1955 2055
2071 2056
2058 2057
2059 2058
2060 2059
2139 2060
2060 2061
2063 2062
2118 2063
2141 2064
2064 2065
2067 2066
2068 2067
2069 2068
2070 2069
2002 2070
2072 2071
2073 2072
2057 2073
2075 2074
2116 2075
2077 2076
2078 2077
2079 2078
2080 2079
2081 2080
2082 2081
2083 2082
2084 2083
2085 2084
2086 2085
2087 2086
2088 2087
2089 2088
2210 2089
2091 2090
2211 2091
2093 2092
2094 2093
2264 2094
2096 2095
2097 2096
2098 2097
2099 2098
2100 2099
2101 2100
1901 2101
2113 2102
1963 2103
2105 2104
1952 2105
2107 2106
2108 2107
2109 2108
2066 2109
2111 2110
2112 2111
1880 2112
2071 2113
2115 2114
2075 2115
2076 2116
1994 2117
2117 2118
1964 2119
2121 2120
2144 2121
2123 2122
2124 2123
2125 2124
2126 2125
2127 2126
2185 2127
2129 2128
2130 2129
2131 2130
2132 2131
2133 2132
2134 2133
2135 2134
2136 2135
2137 2136
2013 2137
2054 2138
2055 2139
2123 2140
1996 2141
1956 2142
1957 2143
2122 2144
2054 2145
2142 2146
2076 2147
2149 2148
2150 2149
2151 2150
2152 2151
2153 2152
2154 2153
2155 2154
2156 2155
2157 2156
2158 2157
2159 2158
2160 2159
2161 2160
2162 2161
2289 2162
2162 2163
2165 2164
2286 2165
2167 2166
2168 2167
2169 2168
1446 2169
1447 2170
2172 2171
2173 2172
2174 2173
1430 2174
2176 2175
1638 2176
2178 2177
2179 2178
2149 2179
1957 2180
2182 2181
2183 2182
2184 2183
2185 2184
2128 2185
2124 2186
2188 2187
2230 2188
2231 2189
2232 2190
2192 2191
2193 2192
2220 2193
2272 2194
2196 2195
2278 2196
2198 2197
2199 2198
2200 2199
2163 2200
2000 2201
2001 2202
2204 2203
2205 2204
2777 2205
2207 2206
2208 2207
2209 2208
2210 2209
2229 2210
2242 2211
1883 2212
2214 2213
2243 2214
2152 2215
2217 2216
2218 2217
2219 2218
2220 2219
2247 2220
2222 2221
2190 2222
2224 2223
2189 2224
2226 2225
2227 2226
2228 2227
2229 2228
2090 2229
2233 2230
2222 2231
2191 2232
2223 2233
2235 2234
2236 2235
1665 2236
1667 2237
2239 2238
2240 2239
2241 2240
2211 2241
2092 2242
2215 2243
2245 2244
2246 2245
2220 2246
2194 2247
2249 2248
2250 2249
2240 2250
2252 2251
2253 2252
2269 2253
2255 2254
2267 2255
2268 2256
2258 2257
2259 2258
1678 2259
2250 2260
2262 2261
2263 2262
2264 2263
2095 2264
2266 2265
2267 2266
2256 2267
2257 2268
2270 2269
2254 2270
2261 2271
2195 2272
2274 2273
2281 2274
2276 2275
2199 2276
2195 2277
2197 2278
2265 2279
2282 2280
2275 2281
2284 2282
2287 2283
2283 2284
2284 2285
2166 2286
2288 2287
2289 2288
2164 2289
2291 2290
2292 2291
2457 2292
2294 2293
2295 2294
2296 2295
2297 2296
2298 2297
2299 2298
2300 2299
2301 2300
2302 2301
2303 2302
2304 2303
2305 2304
2306 2305
2307 2306
2308 2307
2309 2308
2310 2309
2311 2310
2312 2311
2313 2312
2314 2313
2315 2314
2316 2315
2317 2316
2318 2317
2319 2318
2320 2319
2321 2320
2322 2321
2323 2322
2324 2323
2325 2324
2326 2325
2327 2326
2328 2327
2329 2328
2330 2329
2331 2330
2332 2331
2333 2332
2334 2333
2335 2334
2336 2335
2337 2336
2338 2337
2339 2338
2340 2339
2341 2340
2342 2341
2343 2342
2517 2343
2345 2344
2346 2345
2347 2346
2348 2347
2349 2348
2350 2349
2351 2350
2352 2351
2353 2352
2354 2353
2355 2354
2356 2355
2357 2356
2358 2357
2359 2358
2360 2359
2361 2360
2362 2361
2363 2362
2364 2363
2365 2364
2366 2365
2367 2366
2368 2367
2369 2368
2370 2369
2371 2370
2372 2371
2373 2372
2374 2373
2375 2374
2376 2375
2377 2376
2378 2377
2379 2378
2380 2379
2381 2380
2382 2381
2383 2382
2384 2383
2385 2384
2386 2385
2387 2386
2388 2387
2389 2388
2390 2389
2391 2390
2392 2391
2393 2392
2394 2393
2395 2394
2396 2395
2397 2396
2398 2397
2399 2398
2400 2399
2401 2400
2402 2401
2403 2402
2404 2403
2405 2404
2406 2405
2407 2406
2408 2407
2409 2408
2410 2409
2411 2410
2412 2411
2413 2412
2414 2413
2415 2414
2416 2415
2417 2416
2418 2417
2419 2418
2420 2419
2421 2420
2422 2421
2423 2422
2424 2423
2425 2424
2426 2425
2427 2426
2428 2427
2429 2428
2430 2429
2431 2430
2432 2431
2433 2432
2434 2433
2435 2434
2436 2435
2437 2436
2438 2437
2439 2438
2440 2439
2441 2440
2442 2441
2443 2442
2444 2443
2445 2444
1815 2445
2447 2446
2448 2447
2449 2448
2450 2449
2451 2450
2452 2451
2474 2452
2460 2453
2455 2454
2462 2455
2457 2456
2293 2457
2459 2458
2467 2459
2454 2460
2468 2461
2456 2462
2464 2463
2465 2464
2462 2465
2471 2466
2466 2467
2463 2468
2470 2469
2295 2470
2022 2471
2479 2472
2472 2473
2475 2474
1448 2475
2477 2476
2478 2477
2479 2478
2480 2479
2481 2480
2482 2481
2483 2482
2484 2483
2485 2484
2486 2485
2487 2486
2488 2487
2034 2488
2490 2489
2779 2490
2492 2491
2493 2492
2526 2493
2495 2494
2496 2495
2497 2496
2498 2497
2499 2498
2537 2499
2501 2500
2502 2501
2503 2502
2504 2503
2505 2504
2506 2505
2507 2506
2508 2507
2509 2508
2510 2509
2511 2510
2512 2511
2513 2512
2514 2513
2515 2514
2516 2515
2517 2516
2344 2517
2522 2518
2779 2519
2491 2520
2489 2521
2523 2522
2519 2523
2528 2524
2526 2525
2527 2526
2494 2527
2529 2528
2530 2529
2525 2530
2554 2531
2533 2532
2534 2533
2535 2534
2536 2535
2537 2536
2500 2537
2539 2538
2540 2539
2541 2540
2542 2541
2543 2542
2544 2543
2545 2544
2546 2545
2547 2546
2548 2547
2549 2548
2550 2549
2551 2550
2552 2551
2553 2552
1486 2553
2532 2554
2556 2555
2557 2556
2588 2557
2559 2558
2560 2559
2561 2560
2587 2561
2563 2562
2564 2563
2565 2564
2510 2565
2567 2566
2568 2567
2569 2568
2570 2569
2571 2570
2572 2571
2573 2572
2574 2573
2575 2574
2576 2575
2577 2576
2578 2577
2579 2578
2580 2579
2581 2580
2582 2581
2583 2582
1726 2583
2585 2584
2589 2585
2561 2586
2562 2587
2558 2588
2586 2589
2624 2590
2592 2591
2593 2592
2628 2593
2595 2594
2596 2595
2597 2596
2598 2597
2599 2598
2600 2599
2601 2600
2602 2601
2603 2602
2604 2603
2605 2604
2606 2605
2607 2606
2608 2607
2609 2608
2610 2609
2611 2610
2612 2611
2613 2612
2614 2613
2615 2614
2616 2615
2617 2616
2618 2617
2619 2618
2620 2619
2621 2620
2622 2621
2623 2622
1762 2623
2625 2624
2591 2625
2627 2626
2628 2627
2594 2628
2626 2629
2642 2630
2632 2631
2644 2632
2634 2633
2635 2634
2636 2635
2637 2636
2730 2637
2639 2638
2367 2639
2641 2640
2631 2641
2640 2642
2644 2643
2633 2644
2646 2645
2647 2646
2648 2647
2649 2648
2650 2649
2651 2650
2652 2651
2653 2652
2654 2653
2655 2654
2656 2655
2657 2656
2658 2657
2659 2658
2660 2659
2661 2660
2662 2661
2663 2662
2664 2663
2665 2664
2666 2665
2667 2666
2668 2667
2669 2668
2670 2669
2671 2670
2672 2671
2673 2672
2674 2673
2675 2674
2676 2675
2677 2676
2678 2677
2679 2678
2680 2679
2681 2680
2682 2681
2683 2682
2684 2683
2685 2684
2686 2685
2687 2686
2688 2687
2689 2688
2690 2689
2691 2690
2692 2691
2693 2692
2694 2693
2695 2694
2696 2695
2697 2696
2698 2697
2699 2698
2700 2699
2701 2700
2702 2701
2703 2702
2704 2703
2705 2704
2706 2705
2707 2706
2708 2707
2709 2708
2710 2709
2711 2710
2712 2711
2713 2712
2714 2713
2715 2714
2716 2715
2717 2716
2718 2717
2719 2718
2720 2719
2721 2720
2722 2721
291 2722
293 2723
2731 2724
2726 2725
2727 2726
2728 2727
2729 2728
2637 2729
2638 2730
2725 2731
2763 2732
2734 2733
2735 2734
2736 2735
2737 2736
2738 2737
2739 2738
2740 2739
2741 2740
2742 2741
2743 2742
2744 2743
2745 2744
2746 2745
2747 2746
2748 2747
2749 2748
2750 2749
2751 2750
2752 2751
2753 2752
2754 2753
2755 2754
2756 2755
2757 2756
2758 2757
2759 2758
2383 2759
2761 2760
2733 2761
2760 2762
2760 2763
2765 2764
2769 2765
2368 2766
2768 2767
2766 2768
2767 2769
2773 2770
2774 2771
2615 2772
2771 2773
2772 2774
993 2775
1640 2776
2778 2777
2206 2778
2520 2779
